Category,Document ID
Family_and_Marriage,0
Family_and_Marriage,1
Family_and_Marriage,2
Family_and_Marriage,3
Family_and_Marriage,5
Family_and_Marriage,6
Family_and_Marriage,7
Family_and_Marriage,8
Family_and_Marriage,9
Family_and_Marriage,10
Family_and_Marriage,11
Family_and_Marriage,12
Family_and_Marriage,13
Family_and_Marriage,14
Family_and_Marriage,16
Family_and_Marriage,17
Family_and_Marriage,18
Family_and_Marriage,19
Family_and_Marriage,20
Family_and_Marriage,21
Family_and_Marriage,24
Family_and_Marriage,25
Family_and_Marriage,26
Family_and_Marriage,27
Family_and_Marriage,28
Family_and_Marriage,29
Family_and_Marriage,31
Family_and_Marriage,32
Family_and_Marriage,33
Family_and_Marriage,34
Family_and_Marriage,35
Family_and_Marriage,37
Family_and_Marriage,38
Family_and_Marriage,39
Family_and_Marriage,40
Family_and_Marriage,41
Family_and_Marriage,42
Family_and_Marriage,43
Family_and_Marriage,45
Family_and_Marriage,46
Family_and_Marriage,47
Family_and_Marriage,48
Family_and_Marriage,49
Family_and_Marriage,50
Family_and_Marriage,51
Family_and_Marriage,52
Family_and_Marriage,53
Family_and_Marriage,54
Family_and_Marriage,56
Family_and_Marriage,57
Family_and_Marriage,58
Family_and_Marriage,59
Family_and_Marriage,60
Family_and_Marriage,61
Family_and_Marriage,62
Family_and_Marriage,63
Family_and_Marriage,64
Family_and_Marriage,65
Family_and_Marriage,66
Family_and_Marriage,67
Family_and_Marriage,68
Family_and_Marriage,69
Family_and_Marriage,70
Family_and_Marriage,71
Family_and_Marriage,72
Family_and_Marriage,73
Family_and_Marriage,74
Family_and_Marriage,75
Family_and_Marriage,76
Family_and_Marriage,77
Family_and_Marriage,78
Family_and_Marriage,79
Family_and_Marriage,80
Family_and_Marriage,81
Family_and_Marriage,83
Family_and_Marriage,84
Family_and_Marriage,85
Family_and_Marriage,86
Family_and_Marriage,87
Family_and_Marriage,88
Family_and_Marriage,89
Family_and_Marriage,90
Family_and_Marriage,91
Family_and_Marriage,92
Family_and_Marriage,93
Family_and_Marriage,94
Family_and_Marriage,95
Family_and_Marriage,96
Family_and_Marriage,97
Family_and_Marriage,98
Family_and_Marriage,99
Family_and_Marriage,100
Family_and_Marriage,101
Family_and_Marriage,102
Family_and_Marriage,103
Family_and_Marriage,105
Family_and_Marriage,106
Family_and_Marriage,110
Family_and_Marriage,111
Family_and_Marriage,112
Family_and_Marriage,113
Family_and_Marriage,115
Family_and_Marriage,116
Family_and_Marriage,117
Family_and_Marriage,118
Family_and_Marriage,119
Family_and_Marriage,120
Family_and_Marriage,121
Family_and_Marriage,122
Family_and_Marriage,123
Family_and_Marriage,124
Family_and_Marriage,125
Family_and_Marriage,126
Family_and_Marriage,127
Family_and_Marriage,128
Family_and_Marriage,129
Family_and_Marriage,130
Family_and_Marriage,131
Family_and_Marriage,132
Family_and_Marriage,133
Family_and_Marriage,134
Family_and_Marriage,135
Family_and_Marriage,136
Family_and_Marriage,137
Family_and_Marriage,138
Family_and_Marriage,139
Family_and_Marriage,141
Family_and_Marriage,142
Family_and_Marriage,143
Family_and_Marriage,144
Family_and_Marriage,145
Family_and_Marriage,146
Family_and_Marriage,147
Family_and_Marriage,148
Family_and_Marriage,149
Family_and_Marriage,151
Family_and_Marriage,152
Family_and_Marriage,154
Family_and_Marriage,155
Family_and_Marriage,156
Family_and_Marriage,157
Family_and_Marriage,158
Family_and_Marriage,159
Family_and_Marriage,160
Family_and_Marriage,161
Family_and_Marriage,162
Family_and_Marriage,164
Family_and_Marriage,165
Family_and_Marriage,166
Family_and_Marriage,168
Family_and_Marriage,169
Family_and_Marriage,170
Family_and_Marriage,171
Family_and_Marriage,172
Family_and_Marriage,173
Family_and_Marriage,174
Family_and_Marriage,175
Family_and_Marriage,177
Family_and_Marriage,178
Family_and_Marriage,179
Family_and_Marriage,180
Family_and_Marriage,181
Family_and_Marriage,182
Family_and_Marriage,183
Family_and_Marriage,184
Family_and_Marriage,185
Family_and_Marriage,186
Family_and_Marriage,187
Family_and_Marriage,188
Family_and_Marriage,189
Family_and_Marriage,190
Family_and_Marriage,191
Family_and_Marriage,193
Family_and_Marriage,194
Family_and_Marriage,195
Family_and_Marriage,196
Family_and_Marriage,197
Family_and_Marriage,199
Family_and_Marriage,200
Family_and_Marriage,201
Family_and_Marriage,203
Family_and_Marriage,204
Family_and_Marriage,205
Family_and_Marriage,206
Family_and_Marriage,207
Family_and_Marriage,208
Family_and_Marriage,209
Family_and_Marriage,210
Family_and_Marriage,211
Family_and_Marriage,212
Family_and_Marriage,213
Family_and_Marriage,214
Family_and_Marriage,215
Family_and_Marriage,216
Family_and_Marriage,217
Family_and_Marriage,218
Family_and_Marriage,219
Family_and_Marriage,220
Family_and_Marriage,221
Family_and_Marriage,222
Family_and_Marriage,223
Family_and_Marriage,224
Family_and_Marriage,225
Family_and_Marriage,226
Family_and_Marriage,227
Family_and_Marriage,228
Family_and_Marriage,230
Family_and_Marriage,231
Family_and_Marriage,232
Family_and_Marriage,233
Family_and_Marriage,234
Family_and_Marriage,235
Family_and_Marriage,236
Family_and_Marriage,237
Family_and_Marriage,238
Family_and_Marriage,239
Family_and_Marriage,240
Family_and_Marriage,241
Family_and_Marriage,242
Family_and_Marriage,243
Family_and_Marriage,244
Family_and_Marriage,245
Family_and_Marriage,246
Family_and_Marriage,247
Family_and_Marriage,248
Family_and_Marriage,249
Family_and_Marriage,250
Family_and_Marriage,251
Family_and_Marriage,252
Family_and_Marriage,253
Family_and_Marriage,254
Family_and_Marriage,256
Family_and_Marriage,258
Family_and_Marriage,259
Family_and_Marriage,260
Family_and_Marriage,261
Family_and_Marriage,262
Family_and_Marriage,263
Family_and_Marriage,264
Family_and_Marriage,265
Family_and_Marriage,266
Family_and_Marriage,267
Family_and_Marriage,268
Family_and_Marriage,269
Family_and_Marriage,270
Family_and_Marriage,271
Family_and_Marriage,272
Family_and_Marriage,273
Family_and_Marriage,274
Family_and_Marriage,275
Family_and_Marriage,276
Family_and_Marriage,277
Family_and_Marriage,280
Family_and_Marriage,281
Family_and_Marriage,282
Family_and_Marriage,283
Family_and_Marriage,284
Family_and_Marriage,285
Family_and_Marriage,286
Family_and_Marriage,287
Family_and_Marriage,288
Family_and_Marriage,289
Family_and_Marriage,290
Family_and_Marriage,291
Family_and_Marriage,292
Family_and_Marriage,293
Family_and_Marriage,294
Family_and_Marriage,295
Family_and_Marriage,296
Family_and_Marriage,297
Family_and_Marriage,298
Family_and_Marriage,299
Family_and_Marriage,300
Family_and_Marriage,301
Family_and_Marriage,302
Family_and_Marriage,303
Family_and_Marriage,304
Family_and_Marriage,305
Family_and_Marriage,306
Family_and_Marriage,307
Family_and_Marriage,308
Family_and_Marriage,309
Family_and_Marriage,310
Family_and_Marriage,311
Family_and_Marriage,312
Family_and_Marriage,313
Family_and_Marriage,314
Family_and_Marriage,315
Family_and_Marriage,316
Family_and_Marriage,318
Family_and_Marriage,319
Family_and_Marriage,320
Family_and_Marriage,321
Family_and_Marriage,322
Family_and_Marriage,323
Family_and_Marriage,324
Family_and_Marriage,325
Family_and_Marriage,326
Family_and_Marriage,327
Family_and_Marriage,328
Family_and_Marriage,329
Family_and_Marriage,330
Family_and_Marriage,331
Family_and_Marriage,332
Family_and_Marriage,333
Family_and_Marriage,334
Family_and_Marriage,335
Family_and_Marriage,336
Family_and_Marriage,337
Family_and_Marriage,338
Family_and_Marriage,339
Family_and_Marriage,340
Family_and_Marriage,341
Family_and_Marriage,342
Family_and_Marriage,344
Family_and_Marriage,345
Family_and_Marriage,346
Family_and_Marriage,347
Family_and_Marriage,348
Family_and_Marriage,349
Family_and_Marriage,350
Family_and_Marriage,351
Family_and_Marriage,352
Family_and_Marriage,353
Family_and_Marriage,354
Family_and_Marriage,355
Family_and_Marriage,356
Family_and_Marriage,357
Family_and_Marriage,358
Family_and_Marriage,359
Family_and_Marriage,361
Family_and_Marriage,362
Family_and_Marriage,366
Family_and_Marriage,368
Family_and_Marriage,369
Family_and_Marriage,370
Family_and_Marriage,371
Family_and_Marriage,372
Family_and_Marriage,373
Family_and_Marriage,374
Family_and_Marriage,375
Family_and_Marriage,376
Family_and_Marriage,377
Family_and_Marriage,378
Family_and_Marriage,379
Family_and_Marriage,380
Family_and_Marriage,381
Family_and_Marriage,382
Family_and_Marriage,383
Family_and_Marriage,384
Family_and_Marriage,385
Family_and_Marriage,386
Family_and_Marriage,387
Family_and_Marriage,388
Family_and_Marriage,389
Family_and_Marriage,390
Family_and_Marriage,391
Family_and_Marriage,392
Family_and_Marriage,393
Family_and_Marriage,394
Family_and_Marriage,395
Family_and_Marriage,396
Family_and_Marriage,397
Family_and_Marriage,398
Family_and_Marriage,399
Family_and_Marriage,401
Family_and_Marriage,402
Family_and_Marriage,403
Family_and_Marriage,404
Family_and_Marriage,405
Family_and_Marriage,406
Family_and_Marriage,407
Family_and_Marriage,408
Family_and_Marriage,409
Family_and_Marriage,410
Family_and_Marriage,411
Family_and_Marriage,412
Family_and_Marriage,413
Family_and_Marriage,415
Family_and_Marriage,416
Family_and_Marriage,417
Family_and_Marriage,418
Family_and_Marriage,419
Family_and_Marriage,421
Family_and_Marriage,422
Family_and_Marriage,423
Family_and_Marriage,424
Family_and_Marriage,425
Family_and_Marriage,426
Family_and_Marriage,427
Family_and_Marriage,428
Family_and_Marriage,429
Family_and_Marriage,430
Family_and_Marriage,431
Family_and_Marriage,432
Family_and_Marriage,433
Family_and_Marriage,434
Family_and_Marriage,435
Family_and_Marriage,436
Family_and_Marriage,437
Family_and_Marriage,438
Family_and_Marriage,439
Family_and_Marriage,440
Family_and_Marriage,441
Family_and_Marriage,443
Family_and_Marriage,444
Family_and_Marriage,445
Family_and_Marriage,446
Family_and_Marriage,447
Family_and_Marriage,448
Family_and_Marriage,449
Family_and_Marriage,450
Family_and_Marriage,451
Family_and_Marriage,452
Family_and_Marriage,453
Family_and_Marriage,454
Family_and_Marriage,455
Education_and_Culture_topics,1
Education_and_Culture_topics,2
Education_and_Culture_topics,3
Education_and_Culture_topics,4
Education_and_Culture_topics,6
Education_and_Culture_topics,7
Education_and_Culture_topics,8
Education_and_Culture_topics,9
Education_and_Culture_topics,11
Education_and_Culture_topics,14
Education_and_Culture_topics,15
Education_and_Culture_topics,16
Education_and_Culture_topics,18
Education_and_Culture_topics,19
Education_and_Culture_topics,20
Education_and_Culture_topics,21
Education_and_Culture_topics,22
Education_and_Culture_topics,23
Education_and_Culture_topics,24
Education_and_Culture_topics,26
Education_and_Culture_topics,27
Education_and_Culture_topics,28
Education_and_Culture_topics,30
Education_and_Culture_topics,32
Education_and_Culture_topics,33
Education_and_Culture_topics,34
Education_and_Culture_topics,36
Education_and_Culture_topics,38
Education_and_Culture_topics,41
Education_and_Culture_topics,43
Education_and_Culture_topics,44
Education_and_Culture_topics,46
Education_and_Culture_topics,51
Education_and_Culture_topics,52
Education_and_Culture_topics,55
Education_and_Culture_topics,60
Education_and_Culture_topics,62
Education_and_Culture_topics,65
Education_and_Culture_topics,66
Education_and_Culture_topics,70
Education_and_Culture_topics,71
Education_and_Culture_topics,72
Education_and_Culture_topics,75
Education_and_Culture_topics,76
Education_and_Culture_topics,77
Education_and_Culture_topics,79
Education_and_Culture_topics,80
Education_and_Culture_topics,81
Education_and_Culture_topics,82
Education_and_Culture_topics,85
Education_and_Culture_topics,94
Education_and_Culture_topics,96
Education_and_Culture_topics,99
Education_and_Culture_topics,101
Education_and_Culture_topics,104
Education_and_Culture_topics,107
Education_and_Culture_topics,108
Education_and_Culture_topics,109
Education_and_Culture_topics,110
Education_and_Culture_topics,111
Education_and_Culture_topics,114
Education_and_Culture_topics,115
Education_and_Culture_topics,116
Education_and_Culture_topics,117
Education_and_Culture_topics,118
Education_and_Culture_topics,119
Education_and_Culture_topics,125
Education_and_Culture_topics,130
Education_and_Culture_topics,131
Education_and_Culture_topics,134
Education_and_Culture_topics,136
Education_and_Culture_topics,140
Education_and_Culture_topics,141
Education_and_Culture_topics,145
Education_and_Culture_topics,146
Education_and_Culture_topics,148
Education_and_Culture_topics,149
Education_and_Culture_topics,150
Education_and_Culture_topics,151
Education_and_Culture_topics,152
Education_and_Culture_topics,153
Education_and_Culture_topics,155
Education_and_Culture_topics,156
Education_and_Culture_topics,157
Education_and_Culture_topics,161
Education_and_Culture_topics,163
Education_and_Culture_topics,166
Education_and_Culture_topics,167
Education_and_Culture_topics,168
Education_and_Culture_topics,172
Education_and_Culture_topics,173
Education_and_Culture_topics,174
Education_and_Culture_topics,176
Education_and_Culture_topics,177
Education_and_Culture_topics,178
Education_and_Culture_topics,179
Education_and_Culture_topics,180
Education_and_Culture_topics,181
Education_and_Culture_topics,183
Education_and_Culture_topics,186
Education_and_Culture_topics,188
Education_and_Culture_topics,192
Education_and_Culture_topics,193
Education_and_Culture_topics,196
Education_and_Culture_topics,198
Education_and_Culture_topics,200
Education_and_Culture_topics,202
Education_and_Culture_topics,205
Education_and_Culture_topics,206
Education_and_Culture_topics,210
Education_and_Culture_topics,214
Education_and_Culture_topics,216
Education_and_Culture_topics,219
Education_and_Culture_topics,226
Education_and_Culture_topics,227
Education_and_Culture_topics,228
Education_and_Culture_topics,229
Education_and_Culture_topics,230
Education_and_Culture_topics,232
Education_and_Culture_topics,236
Education_and_Culture_topics,237
Education_and_Culture_topics,238
Education_and_Culture_topics,240
Education_and_Culture_topics,242
Education_and_Culture_topics,246
Education_and_Culture_topics,247
Education_and_Culture_topics,248
Education_and_Culture_topics,252
Education_and_Culture_topics,255
Education_and_Culture_topics,256
Education_and_Culture_topics,257
Education_and_Culture_topics,260
Education_and_Culture_topics,261
Education_and_Culture_topics,263
Education_and_Culture_topics,264
Education_and_Culture_topics,265
Education_and_Culture_topics,267
Education_and_Culture_topics,269
Education_and_Culture_topics,276
Education_and_Culture_topics,277
Education_and_Culture_topics,278
Education_and_Culture_topics,279
Education_and_Culture_topics,284
Education_and_Culture_topics,286
Education_and_Culture_topics,287
Education_and_Culture_topics,288
Education_and_Culture_topics,291
Education_and_Culture_topics,292
Education_and_Culture_topics,293
Education_and_Culture_topics,294
Education_and_Culture_topics,301
Education_and_Culture_topics,302
Education_and_Culture_topics,307
Education_and_Culture_topics,308
Education_and_Culture_topics,310
Education_and_Culture_topics,312
Education_and_Culture_topics,313
Education_and_Culture_topics,316
Education_and_Culture_topics,317
Education_and_Culture_topics,318
Education_and_Culture_topics,322
Education_and_Culture_topics,323
Education_and_Culture_topics,325
Education_and_Culture_topics,326
Education_and_Culture_topics,328
Education_and_Culture_topics,329
Education_and_Culture_topics,330
Education_and_Culture_topics,335
Education_and_Culture_topics,336
Education_and_Culture_topics,339
Education_and_Culture_topics,340
Education_and_Culture_topics,341
Education_and_Culture_topics,343
Education_and_Culture_topics,347
Education_and_Culture_topics,349
Education_and_Culture_topics,351
Education_and_Culture_topics,352
Education_and_Culture_topics,355
Education_and_Culture_topics,356
Education_and_Culture_topics,357
Education_and_Culture_topics,358
Education_and_Culture_topics,360
Education_and_Culture_topics,361
Education_and_Culture_topics,362
Education_and_Culture_topics,363
Education_and_Culture_topics,364
Education_and_Culture_topics,365
Education_and_Culture_topics,366
Education_and_Culture_topics,367
Education_and_Culture_topics,368
Education_and_Culture_topics,369
Education_and_Culture_topics,371
Education_and_Culture_topics,373
Education_and_Culture_topics,375
Education_and_Culture_topics,379
Education_and_Culture_topics,380
Education_and_Culture_topics,381
Education_and_Culture_topics,382
Education_and_Culture_topics,386
Education_and_Culture_topics,387
Education_and_Culture_topics,393
Education_and_Culture_topics,394
Education_and_Culture_topics,396
Education_and_Culture_topics,397
Education_and_Culture_topics,400
Education_and_Culture_topics,401
Education_and_Culture_topics,402
Education_and_Culture_topics,403
Education_and_Culture_topics,405
Education_and_Culture_topics,407
Education_and_Culture_topics,408
Education_and_Culture_topics,410
Education_and_Culture_topics,411
Education_and_Culture_topics,412
Education_and_Culture_topics,413
Education_and_Culture_topics,414
Education_and_Culture_topics,419
Education_and_Culture_topics,420
Education_and_Culture_topics,424
Education_and_Culture_topics,426
Education_and_Culture_topics,428
Education_and_Culture_topics,432
Education_and_Culture_topics,435
Education_and_Culture_topics,436
Education_and_Culture_topics,437
Education_and_Culture_topics,438
Education_and_Culture_topics,440
Education_and_Culture_topics,442
Education_and_Culture_topics,443
Education_and_Culture_topics,445
Education_and_Culture_topics,446
Education_and_Culture_topics,449
Education_and_Culture_topics,451
Daily_Life_and_Consumption,0
Daily_Life_and_Consumption,1
Daily_Life_and_Consumption,4
Daily_Life_and_Consumption,5
Daily_Life_and_Consumption,6
Daily_Life_and_Consumption,9
Daily_Life_and_Consumption,10
Daily_Life_and_Consumption,11
Daily_Life_and_Consumption,12
Daily_Life_and_Consumption,13
Daily_Life_and_Consumption,14
Daily_Life_and_Consumption,15
Daily_Life_and_Consumption,16
Daily_Life_and_Consumption,17
Daily_Life_and_Consumption,18
Daily_Life_and_Consumption,19
Daily_Life_and_Consumption,20
Daily_Life_and_Consumption,22
Daily_Life_and_Consumption,23
Daily_Life_and_Consumption,24
Daily_Life_and_Consumption,25
Daily_Life_and_Consumption,28
Daily_Life_and_Consumption,29
Daily_Life_and_Consumption,30
Daily_Life_and_Consumption,31
Daily_Life_and_Consumption,32
Daily_Life_and_Consumption,35
Daily_Life_and_Consumption,36
Daily_Life_and_Consumption,37
Daily_Life_and_Consumption,39
Daily_Life_and_Consumption,40
Daily_Life_and_Consumption,42
Daily_Life_and_Consumption,43
Daily_Life_and_Consumption,44
Daily_Life_and_Consumption,45
Daily_Life_and_Consumption,46
Daily_Life_and_Consumption,47
Daily_Life_and_Consumption,48
Daily_Life_and_Consumption,49
Daily_Life_and_Consumption,50
Daily_Life_and_Consumption,52
Daily_Life_and_Consumption,53
Daily_Life_and_Consumption,54
Daily_Life_and_Consumption,55
Daily_Life_and_Consumption,56
Daily_Life_and_Consumption,57
Daily_Life_and_Consumption,58
Daily_Life_and_Consumption,59
Daily_Life_and_Consumption,61
Daily_Life_and_Consumption,62
Daily_Life_and_Consumption,63
Daily_Life_and_Consumption,64
Daily_Life_and_Consumption,66
Daily_Life_and_Consumption,67
Daily_Life_and_Consumption,68
Daily_Life_and_Consumption,69
Daily_Life_and_Consumption,73
Daily_Life_and_Consumption,74
Daily_Life_and_Consumption,75
Daily_Life_and_Consumption,76
Daily_Life_and_Consumption,77
Daily_Life_and_Consumption,78
Daily_Life_and_Consumption,82
Daily_Life_and_Consumption,83
Daily_Life_and_Consumption,84
Daily_Life_and_Consumption,85
Daily_Life_and_Consumption,86
Daily_Life_and_Consumption,87
Daily_Life_and_Consumption,88
Daily_Life_and_Consumption,89
Daily_Life_and_Consumption,90
Daily_Life_and_Consumption,91
Daily_Life_and_Consumption,92
Daily_Life_and_Consumption,93
Daily_Life_and_Consumption,95
Daily_Life_and_Consumption,96
Daily_Life_and_Consumption,97
Daily_Life_and_Consumption,98
Daily_Life_and_Consumption,100
Daily_Life_and_Consumption,102
Daily_Life_and_Consumption,103
Daily_Life_and_Consumption,104
Daily_Life_and_Consumption,105
Daily_Life_and_Consumption,106
Daily_Life_and_Consumption,107
Daily_Life_and_Consumption,108
Daily_Life_and_Consumption,109
Daily_Life_and_Consumption,112
Daily_Life_and_Consumption,113
Daily_Life_and_Consumption,114
Daily_Life_and_Consumption,115
Daily_Life_and_Consumption,116
Daily_Life_and_Consumption,118
Daily_Life_and_Consumption,120
Daily_Life_and_Consumption,121
Daily_Life_and_Consumption,122
Daily_Life_and_Consumption,123
Daily_Life_and_Consumption,124
Daily_Life_and_Consumption,126
Daily_Life_and_Consumption,127
Daily_Life_and_Consumption,128
Daily_Life_and_Consumption,129
Daily_Life_and_Consumption,131
Daily_Life_and_Consumption,132
Daily_Life_and_Consumption,133
Daily_Life_and_Consumption,134
Daily_Life_and_Consumption,135
Daily_Life_and_Consumption,137
Daily_Life_and_Consumption,138
Daily_Life_and_Consumption,139
Daily_Life_and_Consumption,140
Daily_Life_and_Consumption,142
Daily_Life_and_Consumption,143
Daily_Life_and_Consumption,144
Daily_Life_and_Consumption,147
Daily_Life_and_Consumption,148
Daily_Life_and_Consumption,149
Daily_Life_and_Consumption,150
Daily_Life_and_Consumption,151
Daily_Life_and_Consumption,153
Daily_Life_and_Consumption,154
Daily_Life_and_Consumption,155
Daily_Life_and_Consumption,158
Daily_Life_and_Consumption,159
Daily_Life_and_Consumption,160
Daily_Life_and_Consumption,161
Daily_Life_and_Consumption,162
Daily_Life_and_Consumption,163
Daily_Life_and_Consumption,164
Daily_Life_and_Consumption,165
Daily_Life_and_Consumption,167
Daily_Life_and_Consumption,168
Daily_Life_and_Consumption,169
Daily_Life_and_Consumption,170
Daily_Life_and_Consumption,171
Daily_Life_and_Consumption,172
Daily_Life_and_Consumption,175
Daily_Life_and_Consumption,176
Daily_Life_and_Consumption,177
Daily_Life_and_Consumption,178
Daily_Life_and_Consumption,180
Daily_Life_and_Consumption,181
Daily_Life_and_Consumption,182
Daily_Life_and_Consumption,184
Daily_Life_and_Consumption,185
Daily_Life_and_Consumption,187
Daily_Life_and_Consumption,188
Daily_Life_and_Consumption,189
Daily_Life_and_Consumption,190
Daily_Life_and_Consumption,191
Daily_Life_and_Consumption,192
Daily_Life_and_Consumption,194
Daily_Life_and_Consumption,195
Daily_Life_and_Consumption,197
Daily_Life_and_Consumption,198
Daily_Life_and_Consumption,199
Daily_Life_and_Consumption,200
Daily_Life_and_Consumption,201
Daily_Life_and_Consumption,202
Daily_Life_and_Consumption,203
Daily_Life_and_Consumption,204
Daily_Life_and_Consumption,205
Daily_Life_and_Consumption,206
Daily_Life_and_Consumption,207
Daily_Life_and_Consumption,208
Daily_Life_and_Consumption,209
Daily_Life_and_Consumption,210
Daily_Life_and_Consumption,211
Daily_Life_and_Consumption,212
Daily_Life_and_Consumption,213
Daily_Life_and_Consumption,215
Daily_Life_and_Consumption,217
Daily_Life_and_Consumption,218
Daily_Life_and_Consumption,219
Daily_Life_and_Consumption,220
Daily_Life_and_Consumption,221
Daily_Life_and_Consumption,222
Daily_Life_and_Consumption,223
Daily_Life_and_Consumption,224
Daily_Life_and_Consumption,225
Daily_Life_and_Consumption,227
Daily_Life_and_Consumption,229
Daily_Life_and_Consumption,231
Daily_Life_and_Consumption,232
Daily_Life_and_Consumption,233
Daily_Life_and_Consumption,234
Daily_Life_and_Consumption,235
Daily_Life_and_Consumption,237
Daily_Life_and_Consumption,238
Daily_Life_and_Consumption,239
Daily_Life_and_Consumption,241
Daily_Life_and_Consumption,242
Daily_Life_and_Consumption,243
Daily_Life_and_Consumption,244
Daily_Life_and_Consumption,245
Daily_Life_and_Consumption,246
Daily_Life_and_Consumption,247
Daily_Life_and_Consumption,249
Daily_Life_and_Consumption,250
Daily_Life_and_Consumption,251
Daily_Life_and_Consumption,253
Daily_Life_and_Consumption,254
Daily_Life_and_Consumption,255
Daily_Life_and_Consumption,257
Daily_Life_and_Consumption,258
Daily_Life_and_Consumption,259
Daily_Life_and_Consumption,260
Daily_Life_and_Consumption,261
Daily_Life_and_Consumption,262
Daily_Life_and_Consumption,263
Daily_Life_and_Consumption,265
Daily_Life_and_Consumption,266
Daily_Life_and_Consumption,268
Daily_Life_and_Consumption,269
Daily_Life_and_Consumption,270
Daily_Life_and_Consumption,271
Daily_Life_and_Consumption,272
Daily_Life_and_Consumption,273
Daily_Life_and_Consumption,274
Daily_Life_and_Consumption,275
Daily_Life_and_Consumption,276
Daily_Life_and_Consumption,277
Daily_Life_and_Consumption,278
Daily_Life_and_Consumption,279
Daily_Life_and_Consumption,280
Daily_Life_and_Consumption,281
Daily_Life_and_Consumption,282
Daily_Life_and_Consumption,283
Daily_Life_and_Consumption,285
Daily_Life_and_Consumption,286
Daily_Life_and_Consumption,289
Daily_Life_and_Consumption,290
Daily_Life_and_Consumption,292
Daily_Life_and_Consumption,295
Daily_Life_and_Consumption,296
Daily_Life_and_Consumption,297
Daily_Life_and_Consumption,298
Daily_Life_and_Consumption,299
Daily_Life_and_Consumption,300
Daily_Life_and_Consumption,301
Daily_Life_and_Consumption,302
Daily_Life_and_Consumption,303
Daily_Life_and_Consumption,304
Daily_Life_and_Consumption,305
Daily_Life_and_Consumption,306
Daily_Life_and_Consumption,307
Daily_Life_and_Consumption,308
Daily_Life_and_Consumption,309
Daily_Life_and_Consumption,310
Daily_Life_and_Consumption,311
Daily_Life_and_Consumption,312
Daily_Life_and_Consumption,313
Daily_Life_and_Consumption,314
Daily_Life_and_Consumption,315
Daily_Life_and_Consumption,317
Daily_Life_and_Consumption,318
Daily_Life_and_Consumption,319
Daily_Life_and_Consumption,320
Daily_Life_and_Consumption,321
Daily_Life_and_Consumption,322
Daily_Life_and_Consumption,324
Daily_Life_and_Consumption,325
Daily_Life_and_Consumption,327
Daily_Life_and_Consumption,331
Daily_Life_and_Consumption,332
Daily_Life_and_Consumption,333
Daily_Life_and_Consumption,334
Daily_Life_and_Consumption,337
Daily_Life_and_Consumption,338
Daily_Life_and_Consumption,340
Daily_Life_and_Consumption,342
Daily_Life_and_Consumption,343
Daily_Life_and_Consumption,344
Daily_Life_and_Consumption,345
Daily_Life_and_Consumption,346
Daily_Life_and_Consumption,347
Daily_Life_and_Consumption,348
Daily_Life_and_Consumption,349
Daily_Life_and_Consumption,350
Daily_Life_and_Consumption,351
Daily_Life_and_Consumption,352
Daily_Life_and_Consumption,353
Daily_Life_and_Consumption,354
Daily_Life_and_Consumption,355
Daily_Life_and_Consumption,356
Daily_Life_and_Consumption,357
Daily_Life_and_Consumption,358
Daily_Life_and_Consumption,359
Daily_Life_and_Consumption,360
Daily_Life_and_Consumption,362
Daily_Life_and_Consumption,363
Daily_Life_and_Consumption,364
Daily_Life_and_Consumption,365
Daily_Life_and_Consumption,367
Daily_Life_and_Consumption,369
Daily_Life_and_Consumption,370
Daily_Life_and_Consumption,371
Daily_Life_and_Consumption,372
Daily_Life_and_Consumption,374
Daily_Life_and_Consumption,376
Daily_Life_and_Consumption,377
Daily_Life_and_Consumption,378
Daily_Life_and_Consumption,379
Daily_Life_and_Consumption,380
Daily_Life_and_Consumption,383
Daily_Life_and_Consumption,384
Daily_Life_and_Consumption,385
Daily_Life_and_Consumption,387
Daily_Life_and_Consumption,388
Daily_Life_and_Consumption,389
Daily_Life_and_Consumption,390
Daily_Life_and_Consumption,391
Daily_Life_and_Consumption,392
Daily_Life_and_Consumption,393
Daily_Life_and_Consumption,394
Daily_Life_and_Consumption,395
Daily_Life_and_Consumption,396
Daily_Life_and_Consumption,397
Daily_Life_and_Consumption,398
Daily_Life_and_Consumption,399
Daily_Life_and_Consumption,400
Daily_Life_and_Consumption,404
Daily_Life_and_Consumption,405
Daily_Life_and_Consumption,406
Daily_Life_and_Consumption,407
Daily_Life_and_Consumption,409
Daily_Life_and_Consumption,411
Daily_Life_and_Consumption,414
Daily_Life_and_Consumption,415
Daily_Life_and_Consumption,416
Daily_Life_and_Consumption,417
Daily_Life_and_Consumption,418
Daily_Life_and_Consumption,420
Daily_Life_and_Consumption,421
Daily_Life_and_Consumption,422
Daily_Life_and_Consumption,423
Daily_Life_and_Consumption,425
Daily_Life_and_Consumption,427
Daily_Life_and_Consumption,429
Daily_Life_and_Consumption,430
Daily_Life_and_Consumption,431
Daily_Life_and_Consumption,433
Daily_Life_and_Consumption,434
Daily_Life_and_Consumption,435
Daily_Life_and_Consumption,437
Daily_Life_and_Consumption,439
Daily_Life_and_Consumption,441
Daily_Life_and_Consumption,442
Daily_Life_and_Consumption,443
Daily_Life_and_Consumption,444
Daily_Life_and_Consumption,446
Daily_Life_and_Consumption,447
Daily_Life_and_Consumption,448
Daily_Life_and_Consumption,449
Daily_Life_and_Consumption,450
Daily_Life_and_Consumption,451
Daily_Life_and_Consumption,452
Daily_Life_and_Consumption,453
Daily_Life_and_Consumption,454
Daily_Life_and_Consumption,455
Health_and_Medicine,4
Health_and_Medicine,7
Health_and_Medicine,10
Health_and_Medicine,13
Health_and_Medicine,15
Health_and_Medicine,17
Health_and_Medicine,22
Health_and_Medicine,23
Health_and_Medicine,26
Health_and_Medicine,29
Health_and_Medicine,30
Health_and_Medicine,35
Health_and_Medicine,36
Health_and_Medicine,37
Health_and_Medicine,42
Health_and_Medicine,44
Health_and_Medicine,45
Health_and_Medicine,47
Health_and_Medicine,49
Health_and_Medicine,50
Health_and_Medicine,53
Health_and_Medicine,54
Health_and_Medicine,55
Health_and_Medicine,56
Health_and_Medicine,58
Health_and_Medicine,59
Health_and_Medicine,65
Health_and_Medicine,67
Health_and_Medicine,68
Health_and_Medicine,69
Health_and_Medicine,74
Health_and_Medicine,78
Health_and_Medicine,79
Health_and_Medicine,80
Health_and_Medicine,82
Health_and_Medicine,83
Health_and_Medicine,84
Health_and_Medicine,86
Health_and_Medicine,87
Health_and_Medicine,89
Health_and_Medicine,90
Health_and_Medicine,91
Health_and_Medicine,93
Health_and_Medicine,94
Health_and_Medicine,97
Health_and_Medicine,98
Health_and_Medicine,100
Health_and_Medicine,101
Health_and_Medicine,103
Health_and_Medicine,104
Health_and_Medicine,105
Health_and_Medicine,107
Health_and_Medicine,108
Health_and_Medicine,109
Health_and_Medicine,110
Health_and_Medicine,112
Health_and_Medicine,114
Health_and_Medicine,121
Health_and_Medicine,122
Health_and_Medicine,123
Health_and_Medicine,125
Health_and_Medicine,129
Health_and_Medicine,130
Health_and_Medicine,135
Health_and_Medicine,137
Health_and_Medicine,138
Health_and_Medicine,140
Health_and_Medicine,143
Health_and_Medicine,144
Health_and_Medicine,145
Health_and_Medicine,147
Health_and_Medicine,150
Health_and_Medicine,152
Health_and_Medicine,153
Health_and_Medicine,154
Health_and_Medicine,158
Health_and_Medicine,160
Health_and_Medicine,162
Health_and_Medicine,163
Health_and_Medicine,166
Health_and_Medicine,167
Health_and_Medicine,169
Health_and_Medicine,171
Health_and_Medicine,173
Health_and_Medicine,174
Health_and_Medicine,176
Health_and_Medicine,179
Health_and_Medicine,183
Health_and_Medicine,184
Health_and_Medicine,185
Health_and_Medicine,187
Health_and_Medicine,190
Health_and_Medicine,191
Health_and_Medicine,192
Health_and_Medicine,193
Health_and_Medicine,198
Health_and_Medicine,199
Health_and_Medicine,202
Health_and_Medicine,203
Health_and_Medicine,208
Health_and_Medicine,211
Health_and_Medicine,215
Health_and_Medicine,216
Health_and_Medicine,220
Health_and_Medicine,223
Health_and_Medicine,224
Health_and_Medicine,226
Health_and_Medicine,228
Health_and_Medicine,229
Health_and_Medicine,230
Health_and_Medicine,235
Health_and_Medicine,236
Health_and_Medicine,239
Health_and_Medicine,241
Health_and_Medicine,245
Health_and_Medicine,248
Health_and_Medicine,249
Health_and_Medicine,250
Health_and_Medicine,251
Health_and_Medicine,253
Health_and_Medicine,255
Health_and_Medicine,257
Health_and_Medicine,258
Health_and_Medicine,259
Health_and_Medicine,262
Health_and_Medicine,266
Health_and_Medicine,267
Health_and_Medicine,270
Health_and_Medicine,272
Health_and_Medicine,274
Health_and_Medicine,275
Health_and_Medicine,278
Health_and_Medicine,279
Health_and_Medicine,280
Health_and_Medicine,281
Health_and_Medicine,283
Health_and_Medicine,284
Health_and_Medicine,285
Health_and_Medicine,287
Health_and_Medicine,290
Health_and_Medicine,294
Health_and_Medicine,299
Health_and_Medicine,300
Health_and_Medicine,303
Health_and_Medicine,304
Health_and_Medicine,311
Health_and_Medicine,314
Health_and_Medicine,317
Health_and_Medicine,319
Health_and_Medicine,320
Health_and_Medicine,323
Health_and_Medicine,324
Health_and_Medicine,327
Health_and_Medicine,329
Health_and_Medicine,332
Health_and_Medicine,333
Health_and_Medicine,334
Health_and_Medicine,335
Health_and_Medicine,336
Health_and_Medicine,337
Health_and_Medicine,342
Health_and_Medicine,343
Health_and_Medicine,344
Health_and_Medicine,345
Health_and_Medicine,346
Health_and_Medicine,353
Health_and_Medicine,360
Health_and_Medicine,363
Health_and_Medicine,364
Health_and_Medicine,365
Health_and_Medicine,367
Health_and_Medicine,370
Health_and_Medicine,372
Health_and_Medicine,374
Health_and_Medicine,377
Health_and_Medicine,378
Health_and_Medicine,381
Health_and_Medicine,383
Health_and_Medicine,385
Health_and_Medicine,388
Health_and_Medicine,390
Health_and_Medicine,392
Health_and_Medicine,395
Health_and_Medicine,399
Health_and_Medicine,400
Health_and_Medicine,402
Health_and_Medicine,403
Health_and_Medicine,404
Health_and_Medicine,406
Health_and_Medicine,408
Health_and_Medicine,409
Health_and_Medicine,414
Health_and_Medicine,415
Health_and_Medicine,418
Health_and_Medicine,419
Health_and_Medicine,420
Health_and_Medicine,422
Health_and_Medicine,424
Health_and_Medicine,425
Health_and_Medicine,433
Health_and_Medicine,434
Health_and_Medicine,439
Health_and_Medicine,442
Health_and_Medicine,445
Health_and_Medicine,450
Health_and_Medicine,455
Economy_and_Social_Status,0
Economy_and_Social_Status,1
Economy_and_Social_Status,2
Economy_and_Social_Status,3
Economy_and_Social_Status,4
Economy_and_Social_Status,5
Economy_and_Social_Status,6
Economy_and_Social_Status,8
Economy_and_Social_Status,9
Economy_and_Social_Status,11
Economy_and_Social_Status,12
Economy_and_Social_Status,13
Economy_and_Social_Status,14
Economy_and_Social_Status,15
Economy_and_Social_Status,16
Economy_and_Social_Status,17
Economy_and_Social_Status,18
Economy_and_Social_Status,19
Economy_and_Social_Status,20
Economy_and_Social_Status,21
Economy_and_Social_Status,22
Economy_and_Social_Status,23
Economy_and_Social_Status,24
Economy_and_Social_Status,25
Economy_and_Social_Status,27
Economy_and_Social_Status,28
Economy_and_Social_Status,30
Economy_and_Social_Status,31
Economy_and_Social_Status,32
Economy_and_Social_Status,33
Economy_and_Social_Status,34
Economy_and_Social_Status,35
Economy_and_Social_Status,36
Economy_and_Social_Status,37
Economy_and_Social_Status,38
Economy_and_Social_Status,39
Economy_and_Social_Status,40
Economy_and_Social_Status,41
Economy_and_Social_Status,42
Economy_and_Social_Status,43
Economy_and_Social_Status,44
Economy_and_Social_Status,45
Economy_and_Social_Status,46
Economy_and_Social_Status,47
Economy_and_Social_Status,48
Economy_and_Social_Status,51
Economy_and_Social_Status,52
Economy_and_Social_Status,53
Economy_and_Social_Status,54
Economy_and_Social_Status,55
Economy_and_Social_Status,56
Economy_and_Social_Status,57
Economy_and_Social_Status,58
Economy_and_Social_Status,59
Economy_and_Social_Status,60
Economy_and_Social_Status,61
Economy_and_Social_Status,62
Economy_and_Social_Status,63
Economy_and_Social_Status,64
Economy_and_Social_Status,66
Economy_and_Social_Status,70
Economy_and_Social_Status,71
Economy_and_Social_Status,72
Economy_and_Social_Status,73
Economy_and_Social_Status,75
Economy_and_Social_Status,76
Economy_and_Social_Status,77
Economy_and_Social_Status,81
Economy_and_Social_Status,82
Economy_and_Social_Status,83
Economy_and_Social_Status,84
Economy_and_Social_Status,85
Economy_and_Social_Status,86
Economy_and_Social_Status,88
Economy_and_Social_Status,89
Economy_and_Social_Status,90
Economy_and_Social_Status,92
Economy_and_Social_Status,93
Economy_and_Social_Status,95
Economy_and_Social_Status,96
Economy_and_Social_Status,99
Economy_and_Social_Status,100
Economy_and_Social_Status,102
Economy_and_Social_Status,103
Economy_and_Social_Status,104
Economy_and_Social_Status,106
Economy_and_Social_Status,107
Economy_and_Social_Status,108
Economy_and_Social_Status,109
Economy_and_Social_Status,111
Economy_and_Social_Status,112
Economy_and_Social_Status,113
Economy_and_Social_Status,114
Economy_and_Social_Status,115
Economy_and_Social_Status,116
Economy_and_Social_Status,117
Economy_and_Social_Status,118
Economy_and_Social_Status,119
Economy_and_Social_Status,120
Economy_and_Social_Status,121
Economy_and_Social_Status,122
Economy_and_Social_Status,123
Economy_and_Social_Status,124
Economy_and_Social_Status,126
Economy_and_Social_Status,127
Economy_and_Social_Status,128
Economy_and_Social_Status,129
Economy_and_Social_Status,131
Economy_and_Social_Status,132
Economy_and_Social_Status,133
Economy_and_Social_Status,134
Economy_and_Social_Status,135
Economy_and_Social_Status,136
Economy_and_Social_Status,138
Economy_and_Social_Status,139
Economy_and_Social_Status,140
Economy_and_Social_Status,141
Economy_and_Social_Status,142
Economy_and_Social_Status,143
Economy_and_Social_Status,144
Economy_and_Social_Status,146
Economy_and_Social_Status,148
Economy_and_Social_Status,149
Economy_and_Social_Status,150
Economy_and_Social_Status,151
Economy_and_Social_Status,153
Economy_and_Social_Status,154
Economy_and_Social_Status,155
Economy_and_Social_Status,156
Economy_and_Social_Status,157
Economy_and_Social_Status,158
Economy_and_Social_Status,159
Economy_and_Social_Status,160
Economy_and_Social_Status,161
Economy_and_Social_Status,162
Economy_and_Social_Status,163
Economy_and_Social_Status,164
Economy_and_Social_Status,165
Economy_and_Social_Status,167
Economy_and_Social_Status,168
Economy_and_Social_Status,169
Economy_and_Social_Status,170
Economy_and_Social_Status,172
Economy_and_Social_Status,175
Economy_and_Social_Status,176
Economy_and_Social_Status,177
Economy_and_Social_Status,178
Economy_and_Social_Status,180
Economy_and_Social_Status,181
Economy_and_Social_Status,182
Economy_and_Social_Status,185
Economy_and_Social_Status,186
Economy_and_Social_Status,188
Economy_and_Social_Status,189
Economy_and_Social_Status,192
Economy_and_Social_Status,194
Economy_and_Social_Status,195
Economy_and_Social_Status,196
Economy_and_Social_Status,197
Economy_and_Social_Status,198
Economy_and_Social_Status,200
Economy_and_Social_Status,201
Economy_and_Social_Status,202
Economy_and_Social_Status,203
Economy_and_Social_Status,204
Economy_and_Social_Status,205
Economy_and_Social_Status,206
Economy_and_Social_Status,207
Economy_and_Social_Status,208
Economy_and_Social_Status,209
Economy_and_Social_Status,210
Economy_and_Social_Status,211
Economy_and_Social_Status,212
Economy_and_Social_Status,213
Economy_and_Social_Status,214
Economy_and_Social_Status,217
Economy_and_Social_Status,218
Economy_and_Social_Status,219
Economy_and_Social_Status,220
Economy_and_Social_Status,221
Economy_and_Social_Status,222
Economy_and_Social_Status,223
Economy_and_Social_Status,225
Economy_and_Social_Status,227
Economy_and_Social_Status,229
Economy_and_Social_Status,231
Economy_and_Social_Status,232
Economy_and_Social_Status,233
Economy_and_Social_Status,234
Economy_and_Social_Status,235
Economy_and_Social_Status,237
Economy_and_Social_Status,238
Economy_and_Social_Status,239
Economy_and_Social_Status,240
Economy_and_Social_Status,241
Economy_and_Social_Status,242
Economy_and_Social_Status,243
Economy_and_Social_Status,244
Economy_and_Social_Status,245
Economy_and_Social_Status,246
Economy_and_Social_Status,247
Economy_and_Social_Status,250
Economy_and_Social_Status,252
Economy_and_Social_Status,253
Economy_and_Social_Status,254
Economy_and_Social_Status,255
Economy_and_Social_Status,256
Economy_and_Social_Status,257
Economy_and_Social_Status,258
Economy_and_Social_Status,259
Economy_and_Social_Status,260
Economy_and_Social_Status,261
Economy_and_Social_Status,263
Economy_and_Social_Status,264
Economy_and_Social_Status,265
Economy_and_Social_Status,266
Economy_and_Social_Status,268
Economy_and_Social_Status,269
Economy_and_Social_Status,270
Economy_and_Social_Status,271
Economy_and_Social_Status,272
Economy_and_Social_Status,273
Economy_and_Social_Status,274
Economy_and_Social_Status,275
Economy_and_Social_Status,276
Economy_and_Social_Status,277
Economy_and_Social_Status,278
Economy_and_Social_Status,279
Economy_and_Social_Status,280
Economy_and_Social_Status,281
Economy_and_Social_Status,282
Economy_and_Social_Status,283
Economy_and_Social_Status,285
Economy_and_Social_Status,286
Economy_and_Social_Status,288
Economy_and_Social_Status,289
Economy_and_Social_Status,290
Economy_and_Social_Status,291
Economy_and_Social_Status,292
Economy_and_Social_Status,293
Economy_and_Social_Status,295
Economy_and_Social_Status,296
Economy_and_Social_Status,297
Economy_and_Social_Status,298
Economy_and_Social_Status,299
Economy_and_Social_Status,300
Economy_and_Social_Status,301
Economy_and_Social_Status,302
Economy_and_Social_Status,305
Economy_and_Social_Status,306
Economy_and_Social_Status,307
Economy_and_Social_Status,308
Economy_and_Social_Status,309
Economy_and_Social_Status,310
Economy_and_Social_Status,311
Economy_and_Social_Status,312
Economy_and_Social_Status,313
Economy_and_Social_Status,315
Economy_and_Social_Status,316
Economy_and_Social_Status,317
Economy_and_Social_Status,318
Economy_and_Social_Status,320
Economy_and_Social_Status,321
Economy_and_Social_Status,322
Economy_and_Social_Status,324
Economy_and_Social_Status,325
Economy_and_Social_Status,326
Economy_and_Social_Status,328
Economy_and_Social_Status,330
Economy_and_Social_Status,331
Economy_and_Social_Status,332
Economy_and_Social_Status,334
Economy_and_Social_Status,337
Economy_and_Social_Status,338
Economy_and_Social_Status,339
Economy_and_Social_Status,340
Economy_and_Social_Status,341
Economy_and_Social_Status,342
Economy_and_Social_Status,343
Economy_and_Social_Status,344
Economy_and_Social_Status,346
Economy_and_Social_Status,347
Economy_and_Social_Status,348
Economy_and_Social_Status,349
Economy_and_Social_Status,350
Economy_and_Social_Status,351
Economy_and_Social_Status,352
Economy_and_Social_Status,354
Economy_and_Social_Status,355
Economy_and_Social_Status,356
Economy_and_Social_Status,357
Economy_and_Social_Status,358
Economy_and_Social_Status,359
Economy_and_Social_Status,360
Economy_and_Social_Status,361
Economy_and_Social_Status,362
Economy_and_Social_Status,363
Economy_and_Social_Status,364
Economy_and_Social_Status,365
Economy_and_Social_Status,366
Economy_and_Social_Status,367
Economy_and_Social_Status,368
Economy_and_Social_Status,369
Economy_and_Social_Status,370
Economy_and_Social_Status,371
Economy_and_Social_Status,372
Economy_and_Social_Status,373
Economy_and_Social_Status,375
Economy_and_Social_Status,376
Economy_and_Social_Status,377
Economy_and_Social_Status,378
Economy_and_Social_Status,379
Economy_and_Social_Status,380
Economy_and_Social_Status,382
Economy_and_Social_Status,383
Economy_and_Social_Status,384
Economy_and_Social_Status,385
Economy_and_Social_Status,386
Economy_and_Social_Status,387
Economy_and_Social_Status,388
Economy_and_Social_Status,389
Economy_and_Social_Status,390
Economy_and_Social_Status,391
Economy_and_Social_Status,393
Economy_and_Social_Status,394
Economy_and_Social_Status,396
Economy_and_Social_Status,397
Economy_and_Social_Status,398
Economy_and_Social_Status,399
Economy_and_Social_Status,400
Economy_and_Social_Status,401
Economy_and_Social_Status,404
Economy_and_Social_Status,405
Economy_and_Social_Status,407
Economy_and_Social_Status,409
Economy_and_Social_Status,410
Economy_and_Social_Status,411
Economy_and_Social_Status,412
Economy_and_Social_Status,413
Economy_and_Social_Status,414
Economy_and_Social_Status,416
Economy_and_Social_Status,417
Economy_and_Social_Status,418
Economy_and_Social_Status,420
Economy_and_Social_Status,421
Economy_and_Social_Status,423
Economy_and_Social_Status,426
Economy_and_Social_Status,427
Economy_and_Social_Status,428
Economy_and_Social_Status,429
Economy_and_Social_Status,430
Economy_and_Social_Status,431
Economy_and_Social_Status,432
Economy_and_Social_Status,433
Economy_and_Social_Status,434
Economy_and_Social_Status,435
Economy_and_Social_Status,436
Economy_and_Social_Status,437
Economy_and_Social_Status,438
Economy_and_Social_Status,439
Economy_and_Social_Status,440
Economy_and_Social_Status,441
Economy_and_Social_Status,442
Economy_and_Social_Status,443
Economy_and_Social_Status,444
Economy_and_Social_Status,446
Economy_and_Social_Status,447
Economy_and_Social_Status,448
Economy_and_Social_Status,449
Economy_and_Social_Status,451
Economy_and_Social_Status,452
Economy_and_Social_Status,453
Economy_and_Social_Status,454
Economy_and_Social_Status,455
