Category,Document ID
Family_and_Marriage,0
Family_and_Marriage,1
Family_and_Marriage,2
Family_and_Marriage,3
Family_and_Marriage,5
Family_and_Marriage,6
Family_and_Marriage,7
Family_and_Marriage,8
Family_and_Marriage,10
Family_and_Marriage,12
Family_and_Marriage,13
Family_and_Marriage,15
Family_and_Marriage,16
Family_and_Marriage,17
Family_and_Marriage,18
Family_and_Marriage,19
Family_and_Marriage,20
Family_and_Marriage,21
Family_and_Marriage,24
Family_and_Marriage,25
Family_and_Marriage,26
Family_and_Marriage,27
Family_and_Marriage,28
Family_and_Marriage,29
Family_and_Marriage,30
Family_and_Marriage,31
Family_and_Marriage,32
Family_and_Marriage,33
Family_and_Marriage,34
Family_and_Marriage,35
Family_and_Marriage,36
Family_and_Marriage,37
Family_and_Marriage,38
Family_and_Marriage,39
Family_and_Marriage,40
Family_and_Marriage,41
Family_and_Marriage,42
Family_and_Marriage,43
Family_and_Marriage,44
Family_and_Marriage,46
Family_and_Marriage,47
Family_and_Marriage,48
Family_and_Marriage,50
Family_and_Marriage,51
Family_and_Marriage,52
Family_and_Marriage,53
Family_and_Marriage,54
Family_and_Marriage,56
Family_and_Marriage,57
Family_and_Marriage,58
Family_and_Marriage,59
Family_and_Marriage,60
Family_and_Marriage,61
Family_and_Marriage,62
Family_and_Marriage,63
Family_and_Marriage,64
Family_and_Marriage,65
Family_and_Marriage,66
Family_and_Marriage,67
Family_and_Marriage,68
Family_and_Marriage,69
Family_and_Marriage,70
Family_and_Marriage,72
Family_and_Marriage,73
Family_and_Marriage,74
Family_and_Marriage,75
Family_and_Marriage,76
Family_and_Marriage,77
Family_and_Marriage,82
Family_and_Marriage,83
Family_and_Marriage,87
Family_and_Marriage,90
Family_and_Marriage,91
Family_and_Marriage,93
Family_and_Marriage,94
Family_and_Marriage,95
Family_and_Marriage,96
Family_and_Marriage,97
Family_and_Marriage,98
Family_and_Marriage,99
Family_and_Marriage,100
Family_and_Marriage,101
Family_and_Marriage,103
Family_and_Marriage,105
Family_and_Marriage,106
Family_and_Marriage,109
Family_and_Marriage,110
Family_and_Marriage,111
Family_and_Marriage,112
Family_and_Marriage,113
Family_and_Marriage,114
Family_and_Marriage,116
Family_and_Marriage,117
Family_and_Marriage,118
Family_and_Marriage,119
Family_and_Marriage,120
Family_and_Marriage,121
Family_and_Marriage,122
Family_and_Marriage,124
Family_and_Marriage,125
Family_and_Marriage,127
Family_and_Marriage,128
Family_and_Marriage,131
Family_and_Marriage,132
Family_and_Marriage,133
Family_and_Marriage,135
Family_and_Marriage,137
Family_and_Marriage,139
Family_and_Marriage,144
Family_and_Marriage,145
Family_and_Marriage,146
Family_and_Marriage,150
Family_and_Marriage,151
Family_and_Marriage,152
Family_and_Marriage,153
Family_and_Marriage,155
Family_and_Marriage,156
Family_and_Marriage,157
Family_and_Marriage,158
Family_and_Marriage,159
Family_and_Marriage,160
Family_and_Marriage,161
Family_and_Marriage,162
Family_and_Marriage,164
Family_and_Marriage,166
Family_and_Marriage,167
Family_and_Marriage,168
Family_and_Marriage,171
Family_and_Marriage,172
Family_and_Marriage,173
Family_and_Marriage,174
Family_and_Marriage,175
Family_and_Marriage,176
Family_and_Marriage,178
Family_and_Marriage,179
Family_and_Marriage,180
Family_and_Marriage,181
Family_and_Marriage,182
Family_and_Marriage,183
Family_and_Marriage,184
Family_and_Marriage,185
Family_and_Marriage,186
Family_and_Marriage,187
Family_and_Marriage,188
Family_and_Marriage,189
Family_and_Marriage,191
Family_and_Marriage,193
Family_and_Marriage,194
Family_and_Marriage,195
Family_and_Marriage,196
Family_and_Marriage,198
Family_and_Marriage,199
Family_and_Marriage,200
Family_and_Marriage,201
Family_and_Marriage,202
Family_and_Marriage,203
Family_and_Marriage,204
Family_and_Marriage,207
Family_and_Marriage,208
Family_and_Marriage,209
Family_and_Marriage,211
Family_and_Marriage,212
Family_and_Marriage,213
Family_and_Marriage,214
Family_and_Marriage,215
Family_and_Marriage,216
Family_and_Marriage,217
Family_and_Marriage,218
Family_and_Marriage,220
Family_and_Marriage,221
Family_and_Marriage,222
Family_and_Marriage,223
Family_and_Marriage,225
Family_and_Marriage,226
Family_and_Marriage,227
Family_and_Marriage,228
Family_and_Marriage,229
Family_and_Marriage,230
Family_and_Marriage,231
Family_and_Marriage,232
Family_and_Marriage,233
Family_and_Marriage,234
Family_and_Marriage,235
Family_and_Marriage,236
Family_and_Marriage,237
Family_and_Marriage,238
Family_and_Marriage,239
Family_and_Marriage,240
Family_and_Marriage,242
Family_and_Marriage,243
Family_and_Marriage,245
Family_and_Marriage,246
Family_and_Marriage,247
Family_and_Marriage,248
Family_and_Marriage,249
Family_and_Marriage,250
Family_and_Marriage,251
Family_and_Marriage,252
Family_and_Marriage,254
Family_and_Marriage,255
Family_and_Marriage,257
Family_and_Marriage,258
Family_and_Marriage,260
Family_and_Marriage,261
Family_and_Marriage,263
Family_and_Marriage,265
Family_and_Marriage,266
Family_and_Marriage,267
Family_and_Marriage,270
Family_and_Marriage,271
Family_and_Marriage,272
Family_and_Marriage,273
Family_and_Marriage,274
Family_and_Marriage,275
Family_and_Marriage,278
Family_and_Marriage,279
Family_and_Marriage,281
Family_and_Marriage,283
Family_and_Marriage,284
Family_and_Marriage,286
Family_and_Marriage,287
Family_and_Marriage,288
Family_and_Marriage,289
Family_and_Marriage,290
Family_and_Marriage,291
Family_and_Marriage,292
Family_and_Marriage,293
Family_and_Marriage,294
Family_and_Marriage,296
Family_and_Marriage,297
Family_and_Marriage,299
Family_and_Marriage,300
Family_and_Marriage,302
Family_and_Marriage,305
Family_and_Marriage,306
Family_and_Marriage,307
Family_and_Marriage,308
Family_and_Marriage,310
Family_and_Marriage,312
Family_and_Marriage,313
Family_and_Marriage,314
Family_and_Marriage,315
Family_and_Marriage,316
Family_and_Marriage,319
Family_and_Marriage,320
Family_and_Marriage,321
Family_and_Marriage,322
Family_and_Marriage,323
Family_and_Marriage,324
Family_and_Marriage,325
Family_and_Marriage,326
Family_and_Marriage,331
Family_and_Marriage,332
Family_and_Marriage,333
Family_and_Marriage,334
Family_and_Marriage,335
Family_and_Marriage,336
Family_and_Marriage,338
Family_and_Marriage,340
Family_and_Marriage,343
Family_and_Marriage,344
Family_and_Marriage,346
Family_and_Marriage,347
Family_and_Marriage,348
Family_and_Marriage,349
Family_and_Marriage,351
Family_and_Marriage,353
Family_and_Marriage,354
Family_and_Marriage,355
Family_and_Marriage,358
Family_and_Marriage,359
Family_and_Marriage,360
Family_and_Marriage,361
Family_and_Marriage,363
Family_and_Marriage,364
Family_and_Marriage,365
Family_and_Marriage,366
Family_and_Marriage,368
Family_and_Marriage,369
Family_and_Marriage,370
Family_and_Marriage,371
Family_and_Marriage,372
Family_and_Marriage,373
Family_and_Marriage,374
Family_and_Marriage,375
Family_and_Marriage,377
Family_and_Marriage,379
Family_and_Marriage,381
Family_and_Marriage,382
Family_and_Marriage,383
Family_and_Marriage,385
Family_and_Marriage,386
Family_and_Marriage,387
Family_and_Marriage,388
Family_and_Marriage,389
Family_and_Marriage,390
Family_and_Marriage,391
Family_and_Marriage,392
Family_and_Marriage,393
Family_and_Marriage,394
Family_and_Marriage,396
Family_and_Marriage,397
Family_and_Marriage,398
Family_and_Marriage,399
Family_and_Marriage,400
Family_and_Marriage,402
Family_and_Marriage,403
Family_and_Marriage,404
Family_and_Marriage,405
Family_and_Marriage,406
Family_and_Marriage,407
Family_and_Marriage,408
Family_and_Marriage,409
Family_and_Marriage,410
Family_and_Marriage,411
Family_and_Marriage,412
Family_and_Marriage,413
Family_and_Marriage,414
Family_and_Marriage,416
Family_and_Marriage,418
Family_and_Marriage,419
Family_and_Marriage,421
Family_and_Marriage,422
Family_and_Marriage,423
Family_and_Marriage,424
Family_and_Marriage,425
Family_and_Marriage,426
Family_and_Marriage,428
Family_and_Marriage,431
Family_and_Marriage,434
Family_and_Marriage,438
Family_and_Marriage,439
Family_and_Marriage,441
Family_and_Marriage,442
Family_and_Marriage,444
Family_and_Marriage,445
Family_and_Marriage,446
Family_and_Marriage,447
Family_and_Marriage,448
Family_and_Marriage,449
Family_and_Marriage,451
Family_and_Marriage,452
Family_and_Marriage,453
Family_and_Marriage,454
Family_and_Marriage,455
Family_and_Marriage,456
Family_and_Marriage,457
Family_and_Marriage,458
Family_and_Marriage,459
Family_and_Marriage,460
Family_and_Marriage,461
Family_and_Marriage,462
Family_and_Marriage,463
Family_and_Marriage,464
Family_and_Marriage,465
Family_and_Marriage,466
Family_and_Marriage,468
Family_and_Marriage,469
Family_and_Marriage,471
Family_and_Marriage,474
Family_and_Marriage,476
Family_and_Marriage,478
Family_and_Marriage,480
Family_and_Marriage,481
Family_and_Marriage,482
Family_and_Marriage,484
Family_and_Marriage,485
Family_and_Marriage,486
Family_and_Marriage,488
Family_and_Marriage,489
Family_and_Marriage,490
Family_and_Marriage,491
Family_and_Marriage,492
Family_and_Marriage,493
Family_and_Marriage,495
Family_and_Marriage,496
Family_and_Marriage,497
Family_and_Marriage,498
Family_and_Marriage,499
Family_and_Marriage,500
Family_and_Marriage,501
Family_and_Marriage,504
Family_and_Marriage,506
Family_and_Marriage,507
Family_and_Marriage,508
Family_and_Marriage,509
Family_and_Marriage,510
Family_and_Marriage,512
Family_and_Marriage,513
Family_and_Marriage,514
Family_and_Marriage,515
Family_and_Marriage,516
Family_and_Marriage,517
Family_and_Marriage,518
Family_and_Marriage,519
Family_and_Marriage,520
Family_and_Marriage,522
Family_and_Marriage,523
Family_and_Marriage,524
Family_and_Marriage,525
Family_and_Marriage,527
Family_and_Marriage,528
Family_and_Marriage,529
Family_and_Marriage,530
Family_and_Marriage,532
Family_and_Marriage,533
Family_and_Marriage,534
Family_and_Marriage,537
Family_and_Marriage,538
Family_and_Marriage,540
Family_and_Marriage,543
Family_and_Marriage,544
Family_and_Marriage,545
Family_and_Marriage,547
Family_and_Marriage,548
Family_and_Marriage,549
Family_and_Marriage,550
Family_and_Marriage,551
Family_and_Marriage,552
Family_and_Marriage,553
Family_and_Marriage,554
Family_and_Marriage,556
Family_and_Marriage,557
Family_and_Marriage,560
Family_and_Marriage,561
Family_and_Marriage,566
Family_and_Marriage,567
Family_and_Marriage,568
Family_and_Marriage,569
Family_and_Marriage,570
Family_and_Marriage,571
Family_and_Marriage,572
Family_and_Marriage,573
Family_and_Marriage,575
Family_and_Marriage,576
Family_and_Marriage,577
Family_and_Marriage,579
Family_and_Marriage,580
Family_and_Marriage,581
Family_and_Marriage,583
Family_and_Marriage,585
Family_and_Marriage,587
Family_and_Marriage,588
Family_and_Marriage,589
Family_and_Marriage,590
Family_and_Marriage,591
Family_and_Marriage,595
Family_and_Marriage,596
Family_and_Marriage,598
Family_and_Marriage,599
Family_and_Marriage,600
Family_and_Marriage,602
Family_and_Marriage,603
Family_and_Marriage,604
Family_and_Marriage,605
Family_and_Marriage,606
Family_and_Marriage,607
Family_and_Marriage,608
Family_and_Marriage,609
Family_and_Marriage,610
Family_and_Marriage,611
Family_and_Marriage,612
Family_and_Marriage,613
Family_and_Marriage,615
Family_and_Marriage,616
Family_and_Marriage,617
Family_and_Marriage,618
Family_and_Marriage,619
Family_and_Marriage,620
Family_and_Marriage,621
Family_and_Marriage,624
Family_and_Marriage,627
Family_and_Marriage,628
Family_and_Marriage,629
Family_and_Marriage,630
Family_and_Marriage,631
Family_and_Marriage,632
Family_and_Marriage,634
Family_and_Marriage,637
Family_and_Marriage,638
Family_and_Marriage,640
Family_and_Marriage,642
Family_and_Marriage,644
Family_and_Marriage,645
Family_and_Marriage,646
Family_and_Marriage,647
Family_and_Marriage,648
Family_and_Marriage,649
Family_and_Marriage,650
Family_and_Marriage,651
Family_and_Marriage,652
Family_and_Marriage,653
Family_and_Marriage,654
Family_and_Marriage,656
Family_and_Marriage,657
Family_and_Marriage,658
Family_and_Marriage,662
Family_and_Marriage,664
Family_and_Marriage,665
Family_and_Marriage,666
Family_and_Marriage,667
Family_and_Marriage,670
Family_and_Marriage,671
Family_and_Marriage,672
Family_and_Marriage,673
Family_and_Marriage,674
Family_and_Marriage,675
Family_and_Marriage,676
Family_and_Marriage,677
Family_and_Marriage,678
Family_and_Marriage,679
Family_and_Marriage,681
Family_and_Marriage,682
Family_and_Marriage,683
Family_and_Marriage,684
Family_and_Marriage,685
Family_and_Marriage,686
Family_and_Marriage,689
Family_and_Marriage,691
Family_and_Marriage,692
Family_and_Marriage,693
Family_and_Marriage,694
Family_and_Marriage,695
Family_and_Marriage,696
Family_and_Marriage,697
Family_and_Marriage,699
Family_and_Marriage,700
Family_and_Marriage,701
Family_and_Marriage,702
Family_and_Marriage,703
Family_and_Marriage,704
Family_and_Marriage,705
Family_and_Marriage,707
Family_and_Marriage,708
Family_and_Marriage,712
Family_and_Marriage,715
Family_and_Marriage,716
Family_and_Marriage,718
Family_and_Marriage,719
Family_and_Marriage,720
Family_and_Marriage,721
Family_and_Marriage,722
Family_and_Marriage,723
Family_and_Marriage,725
Family_and_Marriage,726
Family_and_Marriage,728
Family_and_Marriage,729
Family_and_Marriage,731
Family_and_Marriage,732
Family_and_Marriage,733
Family_and_Marriage,734
Family_and_Marriage,736
Family_and_Marriage,737
Family_and_Marriage,738
Family_and_Marriage,739
Family_and_Marriage,740
Family_and_Marriage,741
Family_and_Marriage,742
Family_and_Marriage,743
Family_and_Marriage,744
Family_and_Marriage,745
Family_and_Marriage,746
Family_and_Marriage,747
Family_and_Marriage,748
Family_and_Marriage,749
Family_and_Marriage,751
Family_and_Marriage,752
Family_and_Marriage,753
Family_and_Marriage,754
Family_and_Marriage,755
Family_and_Marriage,756
Family_and_Marriage,757
Family_and_Marriage,758
Family_and_Marriage,759
Family_and_Marriage,761
Family_and_Marriage,762
Family_and_Marriage,763
Family_and_Marriage,764
Family_and_Marriage,765
Family_and_Marriage,766
Family_and_Marriage,767
Family_and_Marriage,771
Family_and_Marriage,772
Family_and_Marriage,774
Family_and_Marriage,775
Family_and_Marriage,776
Family_and_Marriage,777
Family_and_Marriage,778
Family_and_Marriage,779
Family_and_Marriage,780
Family_and_Marriage,781
Family_and_Marriage,782
Family_and_Marriage,785
Family_and_Marriage,787
Family_and_Marriage,788
Family_and_Marriage,789
Family_and_Marriage,790
Family_and_Marriage,791
Family_and_Marriage,792
Family_and_Marriage,793
Family_and_Marriage,795
Family_and_Marriage,796
Family_and_Marriage,797
Family_and_Marriage,798
Family_and_Marriage,799
Family_and_Marriage,800
Family_and_Marriage,801
Family_and_Marriage,802
Family_and_Marriage,803
Family_and_Marriage,806
Family_and_Marriage,808
Family_and_Marriage,809
Family_and_Marriage,810
Family_and_Marriage,812
Family_and_Marriage,813
Family_and_Marriage,814
Family_and_Marriage,815
Family_and_Marriage,816
Family_and_Marriage,817
Family_and_Marriage,818
Family_and_Marriage,819
Family_and_Marriage,820
Family_and_Marriage,821
Family_and_Marriage,822
Family_and_Marriage,823
Family_and_Marriage,824
Family_and_Marriage,826
Family_and_Marriage,827
Family_and_Marriage,828
Family_and_Marriage,829
Family_and_Marriage,830
Family_and_Marriage,831
Family_and_Marriage,833
Family_and_Marriage,834
Family_and_Marriage,835
Family_and_Marriage,836
Family_and_Marriage,838
Family_and_Marriage,839
Family_and_Marriage,840
Family_and_Marriage,841
Family_and_Marriage,843
Family_and_Marriage,844
Family_and_Marriage,846
Family_and_Marriage,847
Family_and_Marriage,848
Family_and_Marriage,849
Family_and_Marriage,850
Family_and_Marriage,851
Family_and_Marriage,852
Family_and_Marriage,853
Family_and_Marriage,855
Family_and_Marriage,856
Family_and_Marriage,859
Family_and_Marriage,862
Family_and_Marriage,863
Family_and_Marriage,864
Family_and_Marriage,865
Family_and_Marriage,866
Family_and_Marriage,867
Family_and_Marriage,868
Family_and_Marriage,869
Family_and_Marriage,870
Family_and_Marriage,871
Family_and_Marriage,872
Family_and_Marriage,873
Family_and_Marriage,874
Family_and_Marriage,875
Family_and_Marriage,876
Family_and_Marriage,878
Family_and_Marriage,880
Family_and_Marriage,881
Family_and_Marriage,882
Family_and_Marriage,885
Family_and_Marriage,886
Family_and_Marriage,887
Family_and_Marriage,888
Family_and_Marriage,889
Family_and_Marriage,890
Family_and_Marriage,891
Family_and_Marriage,892
Family_and_Marriage,893
Family_and_Marriage,894
Family_and_Marriage,896
Family_and_Marriage,897
Family_and_Marriage,898
Family_and_Marriage,899
Family_and_Marriage,900
Family_and_Marriage,901
Family_and_Marriage,902
Family_and_Marriage,903
Family_and_Marriage,904
Family_and_Marriage,905
Family_and_Marriage,906
Family_and_Marriage,907
Family_and_Marriage,908
Family_and_Marriage,909
Family_and_Marriage,910
Family_and_Marriage,911
Family_and_Marriage,912
Family_and_Marriage,913
Family_and_Marriage,915
Family_and_Marriage,917
Family_and_Marriage,918
Family_and_Marriage,919
Family_and_Marriage,921
Education_and_Culture_topics,0
Education_and_Culture_topics,1
Education_and_Culture_topics,3
Education_and_Culture_topics,4
Education_and_Culture_topics,6
Education_and_Culture_topics,9
Education_and_Culture_topics,15
Education_and_Culture_topics,16
Education_and_Culture_topics,17
Education_and_Culture_topics,18
Education_and_Culture_topics,23
Education_and_Culture_topics,25
Education_and_Culture_topics,27
Education_and_Culture_topics,29
Education_and_Culture_topics,30
Education_and_Culture_topics,31
Education_and_Culture_topics,32
Education_and_Culture_topics,33
Education_and_Culture_topics,34
Education_and_Culture_topics,35
Education_and_Culture_topics,36
Education_and_Culture_topics,37
Education_and_Culture_topics,38
Education_and_Culture_topics,39
Education_and_Culture_topics,40
Education_and_Culture_topics,41
Education_and_Culture_topics,44
Education_and_Culture_topics,46
Education_and_Culture_topics,47
Education_and_Culture_topics,50
Education_and_Culture_topics,51
Education_and_Culture_topics,53
Education_and_Culture_topics,54
Education_and_Culture_topics,56
Education_and_Culture_topics,58
Education_and_Culture_topics,59
Education_and_Culture_topics,61
Education_and_Culture_topics,62
Education_and_Culture_topics,64
Education_and_Culture_topics,65
Education_and_Culture_topics,67
Education_and_Culture_topics,70
Education_and_Culture_topics,71
Education_and_Culture_topics,72
Education_and_Culture_topics,73
Education_and_Culture_topics,75
Education_and_Culture_topics,76
Education_and_Culture_topics,77
Education_and_Culture_topics,78
Education_and_Culture_topics,79
Education_and_Culture_topics,80
Education_and_Culture_topics,81
Education_and_Culture_topics,83
Education_and_Culture_topics,85
Education_and_Culture_topics,90
Education_and_Culture_topics,91
Education_and_Culture_topics,93
Education_and_Culture_topics,94
Education_and_Culture_topics,95
Education_and_Culture_topics,97
Education_and_Culture_topics,98
Education_and_Culture_topics,99
Education_and_Culture_topics,100
Education_and_Culture_topics,101
Education_and_Culture_topics,102
Education_and_Culture_topics,104
Education_and_Culture_topics,105
Education_and_Culture_topics,106
Education_and_Culture_topics,107
Education_and_Culture_topics,108
Education_and_Culture_topics,109
Education_and_Culture_topics,110
Education_and_Culture_topics,111
Education_and_Culture_topics,112
Education_and_Culture_topics,113
Education_and_Culture_topics,114
Education_and_Culture_topics,116
Education_and_Culture_topics,120
Education_and_Culture_topics,121
Education_and_Culture_topics,123
Education_and_Culture_topics,124
Education_and_Culture_topics,125
Education_and_Culture_topics,127
Education_and_Culture_topics,128
Education_and_Culture_topics,132
Education_and_Culture_topics,133
Education_and_Culture_topics,136
Education_and_Culture_topics,137
Education_and_Culture_topics,138
Education_and_Culture_topics,139
Education_and_Culture_topics,140
Education_and_Culture_topics,141
Education_and_Culture_topics,143
Education_and_Culture_topics,146
Education_and_Culture_topics,147
Education_and_Culture_topics,150
Education_and_Culture_topics,152
Education_and_Culture_topics,153
Education_and_Culture_topics,155
Education_and_Culture_topics,156
Education_and_Culture_topics,157
Education_and_Culture_topics,158
Education_and_Culture_topics,160
Education_and_Culture_topics,161
Education_and_Culture_topics,162
Education_and_Culture_topics,166
Education_and_Culture_topics,167
Education_and_Culture_topics,168
Education_and_Culture_topics,170
Education_and_Culture_topics,171
Education_and_Culture_topics,172
Education_and_Culture_topics,173
Education_and_Culture_topics,177
Education_and_Culture_topics,180
Education_and_Culture_topics,182
Education_and_Culture_topics,183
Education_and_Culture_topics,184
Education_and_Culture_topics,185
Education_and_Culture_topics,186
Education_and_Culture_topics,187
Education_and_Culture_topics,188
Education_and_Culture_topics,189
Education_and_Culture_topics,190
Education_and_Culture_topics,191
Education_and_Culture_topics,192
Education_and_Culture_topics,194
Education_and_Culture_topics,195
Education_and_Culture_topics,198
Education_and_Culture_topics,199
Education_and_Culture_topics,201
Education_and_Culture_topics,203
Education_and_Culture_topics,204
Education_and_Culture_topics,206
Education_and_Culture_topics,208
Education_and_Culture_topics,209
Education_and_Culture_topics,210
Education_and_Culture_topics,211
Education_and_Culture_topics,212
Education_and_Culture_topics,213
Education_and_Culture_topics,214
Education_and_Culture_topics,215
Education_and_Culture_topics,216
Education_and_Culture_topics,217
Education_and_Culture_topics,218
Education_and_Culture_topics,220
Education_and_Culture_topics,221
Education_and_Culture_topics,222
Education_and_Culture_topics,223
Education_and_Culture_topics,224
Education_and_Culture_topics,225
Education_and_Culture_topics,226
Education_and_Culture_topics,227
Education_and_Culture_topics,233
Education_and_Culture_topics,234
Education_and_Culture_topics,239
Education_and_Culture_topics,242
Education_and_Culture_topics,243
Education_and_Culture_topics,245
Education_and_Culture_topics,247
Education_and_Culture_topics,248
Education_and_Culture_topics,252
Education_and_Culture_topics,254
Education_and_Culture_topics,255
Education_and_Culture_topics,256
Education_and_Culture_topics,257
Education_and_Culture_topics,258
Education_and_Culture_topics,260
Education_and_Culture_topics,263
Education_and_Culture_topics,266
Education_and_Culture_topics,267
Education_and_Culture_topics,270
Education_and_Culture_topics,272
Education_and_Culture_topics,274
Education_and_Culture_topics,277
Education_and_Culture_topics,278
Education_and_Culture_topics,279
Education_and_Culture_topics,280
Education_and_Culture_topics,281
Education_and_Culture_topics,282
Education_and_Culture_topics,284
Education_and_Culture_topics,285
Education_and_Culture_topics,286
Education_and_Culture_topics,287
Education_and_Culture_topics,288
Education_and_Culture_topics,289
Education_and_Culture_topics,290
Education_and_Culture_topics,292
Education_and_Culture_topics,293
Education_and_Culture_topics,294
Education_and_Culture_topics,295
Education_and_Culture_topics,296
Education_and_Culture_topics,297
Education_and_Culture_topics,299
Education_and_Culture_topics,305
Education_and_Culture_topics,306
Education_and_Culture_topics,307
Education_and_Culture_topics,308
Education_and_Culture_topics,312
Education_and_Culture_topics,315
Education_and_Culture_topics,317
Education_and_Culture_topics,318
Education_and_Culture_topics,319
Education_and_Culture_topics,322
Education_and_Culture_topics,323
Education_and_Culture_topics,325
Education_and_Culture_topics,326
Education_and_Culture_topics,328
Education_and_Culture_topics,329
Education_and_Culture_topics,330
Education_and_Culture_topics,331
Education_and_Culture_topics,332
Education_and_Culture_topics,333
Education_and_Culture_topics,334
Education_and_Culture_topics,335
Education_and_Culture_topics,338
Education_and_Culture_topics,339
Education_and_Culture_topics,340
Education_and_Culture_topics,343
Education_and_Culture_topics,344
Education_and_Culture_topics,346
Education_and_Culture_topics,348
Education_and_Culture_topics,349
Education_and_Culture_topics,351
Education_and_Culture_topics,352
Education_and_Culture_topics,353
Education_and_Culture_topics,354
Education_and_Culture_topics,355
Education_and_Culture_topics,356
Education_and_Culture_topics,357
Education_and_Culture_topics,359
Education_and_Culture_topics,361
Education_and_Culture_topics,362
Education_and_Culture_topics,363
Education_and_Culture_topics,364
Education_and_Culture_topics,366
Education_and_Culture_topics,371
Education_and_Culture_topics,374
Education_and_Culture_topics,375
Education_and_Culture_topics,376
Education_and_Culture_topics,377
Education_and_Culture_topics,378
Education_and_Culture_topics,379
Education_and_Culture_topics,381
Education_and_Culture_topics,382
Education_and_Culture_topics,383
Education_and_Culture_topics,385
Education_and_Culture_topics,386
Education_and_Culture_topics,388
Education_and_Culture_topics,389
Education_and_Culture_topics,390
Education_and_Culture_topics,391
Education_and_Culture_topics,392
Education_and_Culture_topics,393
Education_and_Culture_topics,394
Education_and_Culture_topics,397
Education_and_Culture_topics,398
Education_and_Culture_topics,399
Education_and_Culture_topics,400
Education_and_Culture_topics,401
Education_and_Culture_topics,402
Education_and_Culture_topics,403
Education_and_Culture_topics,404
Education_and_Culture_topics,406
Education_and_Culture_topics,410
Education_and_Culture_topics,411
Education_and_Culture_topics,412
Education_and_Culture_topics,413
Education_and_Culture_topics,415
Education_and_Culture_topics,416
Education_and_Culture_topics,417
Education_and_Culture_topics,420
Education_and_Culture_topics,421
Education_and_Culture_topics,422
Education_and_Culture_topics,423
Education_and_Culture_topics,424
Education_and_Culture_topics,425
Education_and_Culture_topics,426
Education_and_Culture_topics,427
Education_and_Culture_topics,428
Education_and_Culture_topics,430
Education_and_Culture_topics,431
Education_and_Culture_topics,433
Education_and_Culture_topics,435
Education_and_Culture_topics,436
Education_and_Culture_topics,437
Education_and_Culture_topics,439
Education_and_Culture_topics,441
Education_and_Culture_topics,442
Education_and_Culture_topics,443
Education_and_Culture_topics,444
Education_and_Culture_topics,445
Education_and_Culture_topics,447
Education_and_Culture_topics,448
Education_and_Culture_topics,449
Education_and_Culture_topics,451
Education_and_Culture_topics,452
Education_and_Culture_topics,453
Education_and_Culture_topics,454
Education_and_Culture_topics,455
Education_and_Culture_topics,456
Education_and_Culture_topics,457
Education_and_Culture_topics,458
Education_and_Culture_topics,459
Education_and_Culture_topics,460
Education_and_Culture_topics,461
Education_and_Culture_topics,462
Education_and_Culture_topics,463
Education_and_Culture_topics,464
Education_and_Culture_topics,465
Education_and_Culture_topics,466
Education_and_Culture_topics,467
Education_and_Culture_topics,468
Education_and_Culture_topics,469
Education_and_Culture_topics,471
Education_and_Culture_topics,473
Education_and_Culture_topics,474
Education_and_Culture_topics,476
Education_and_Culture_topics,478
Education_and_Culture_topics,480
Education_and_Culture_topics,481
Education_and_Culture_topics,482
Education_and_Culture_topics,484
Education_and_Culture_topics,485
Education_and_Culture_topics,486
Education_and_Culture_topics,487
Education_and_Culture_topics,489
Education_and_Culture_topics,490
Education_and_Culture_topics,491
Education_and_Culture_topics,492
Education_and_Culture_topics,493
Education_and_Culture_topics,495
Education_and_Culture_topics,496
Education_and_Culture_topics,497
Education_and_Culture_topics,498
Education_and_Culture_topics,500
Education_and_Culture_topics,504
Education_and_Culture_topics,505
Education_and_Culture_topics,506
Education_and_Culture_topics,507
Education_and_Culture_topics,508
Education_and_Culture_topics,509
Education_and_Culture_topics,510
Education_and_Culture_topics,511
Education_and_Culture_topics,512
Education_and_Culture_topics,514
Education_and_Culture_topics,515
Education_and_Culture_topics,516
Education_and_Culture_topics,517
Education_and_Culture_topics,518
Education_and_Culture_topics,519
Education_and_Culture_topics,523
Education_and_Culture_topics,524
Education_and_Culture_topics,525
Education_and_Culture_topics,527
Education_and_Culture_topics,528
Education_and_Culture_topics,529
Education_and_Culture_topics,530
Education_and_Culture_topics,531
Education_and_Culture_topics,533
Education_and_Culture_topics,534
Education_and_Culture_topics,537
Education_and_Culture_topics,538
Education_and_Culture_topics,539
Education_and_Culture_topics,541
Education_and_Culture_topics,543
Education_and_Culture_topics,544
Education_and_Culture_topics,545
Education_and_Culture_topics,547
Education_and_Culture_topics,549
Education_and_Culture_topics,551
Education_and_Culture_topics,552
Education_and_Culture_topics,553
Education_and_Culture_topics,554
Education_and_Culture_topics,555
Education_and_Culture_topics,559
Education_and_Culture_topics,560
Education_and_Culture_topics,561
Education_and_Culture_topics,565
Education_and_Culture_topics,567
Education_and_Culture_topics,568
Education_and_Culture_topics,569
Education_and_Culture_topics,570
Education_and_Culture_topics,571
Education_and_Culture_topics,572
Education_and_Culture_topics,573
Education_and_Culture_topics,575
Education_and_Culture_topics,577
Education_and_Culture_topics,578
Education_and_Culture_topics,579
Education_and_Culture_topics,580
Education_and_Culture_topics,581
Education_and_Culture_topics,583
Education_and_Culture_topics,587
Education_and_Culture_topics,588
Education_and_Culture_topics,589
Education_and_Culture_topics,591
Education_and_Culture_topics,592
Education_and_Culture_topics,593
Education_and_Culture_topics,594
Education_and_Culture_topics,595
Education_and_Culture_topics,597
Education_and_Culture_topics,599
Education_and_Culture_topics,600
Education_and_Culture_topics,601
Education_and_Culture_topics,602
Education_and_Culture_topics,604
Education_and_Culture_topics,605
Education_and_Culture_topics,606
Education_and_Culture_topics,607
Education_and_Culture_topics,609
Education_and_Culture_topics,614
Education_and_Culture_topics,616
Education_and_Culture_topics,618
Education_and_Culture_topics,619
Education_and_Culture_topics,620
Education_and_Culture_topics,621
Education_and_Culture_topics,622
Education_and_Culture_topics,623
Education_and_Culture_topics,624
Education_and_Culture_topics,627
Education_and_Culture_topics,628
Education_and_Culture_topics,629
Education_and_Culture_topics,630
Education_and_Culture_topics,631
Education_and_Culture_topics,636
Education_and_Culture_topics,638
Education_and_Culture_topics,639
Education_and_Culture_topics,642
Education_and_Culture_topics,643
Education_and_Culture_topics,645
Education_and_Culture_topics,646
Education_and_Culture_topics,647
Education_and_Culture_topics,648
Education_and_Culture_topics,649
Education_and_Culture_topics,650
Education_and_Culture_topics,652
Education_and_Culture_topics,653
Education_and_Culture_topics,656
Education_and_Culture_topics,657
Education_and_Culture_topics,659
Education_and_Culture_topics,660
Education_and_Culture_topics,661
Education_and_Culture_topics,662
Education_and_Culture_topics,663
Education_and_Culture_topics,664
Education_and_Culture_topics,665
Education_and_Culture_topics,666
Education_and_Culture_topics,668
Education_and_Culture_topics,669
Education_and_Culture_topics,670
Education_and_Culture_topics,672
Education_and_Culture_topics,675
Education_and_Culture_topics,677
Education_and_Culture_topics,678
Education_and_Culture_topics,679
Education_and_Culture_topics,680
Education_and_Culture_topics,683
Education_and_Culture_topics,686
Education_and_Culture_topics,690
Education_and_Culture_topics,691
Education_and_Culture_topics,692
Education_and_Culture_topics,694
Education_and_Culture_topics,695
Education_and_Culture_topics,698
Education_and_Culture_topics,699
Education_and_Culture_topics,701
Education_and_Culture_topics,702
Education_and_Culture_topics,703
Education_and_Culture_topics,707
Education_and_Culture_topics,709
Education_and_Culture_topics,710
Education_and_Culture_topics,712
Education_and_Culture_topics,715
Education_and_Culture_topics,716
Education_and_Culture_topics,717
Education_and_Culture_topics,718
Education_and_Culture_topics,719
Education_and_Culture_topics,720
Education_and_Culture_topics,721
Education_and_Culture_topics,722
Education_and_Culture_topics,723
Education_and_Culture_topics,725
Education_and_Culture_topics,726
Education_and_Culture_topics,727
Education_and_Culture_topics,728
Education_and_Culture_topics,729
Education_and_Culture_topics,730
Education_and_Culture_topics,731
Education_and_Culture_topics,733
Education_and_Culture_topics,734
Education_and_Culture_topics,735
Education_and_Culture_topics,736
Education_and_Culture_topics,737
Education_and_Culture_topics,738
Education_and_Culture_topics,739
Education_and_Culture_topics,741
Education_and_Culture_topics,744
Education_and_Culture_topics,745
Education_and_Culture_topics,746
Education_and_Culture_topics,750
Education_and_Culture_topics,751
Education_and_Culture_topics,752
Education_and_Culture_topics,753
Education_and_Culture_topics,754
Education_and_Culture_topics,756
Education_and_Culture_topics,757
Education_and_Culture_topics,762
Education_and_Culture_topics,763
Education_and_Culture_topics,764
Education_and_Culture_topics,765
Education_and_Culture_topics,766
Education_and_Culture_topics,768
Education_and_Culture_topics,770
Education_and_Culture_topics,771
Education_and_Culture_topics,772
Education_and_Culture_topics,773
Education_and_Culture_topics,775
Education_and_Culture_topics,776
Education_and_Culture_topics,779
Education_and_Culture_topics,780
Education_and_Culture_topics,781
Education_and_Culture_topics,782
Education_and_Culture_topics,783
Education_and_Culture_topics,785
Education_and_Culture_topics,786
Education_and_Culture_topics,787
Education_and_Culture_topics,788
Education_and_Culture_topics,789
Education_and_Culture_topics,790
Education_and_Culture_topics,791
Education_and_Culture_topics,792
Education_and_Culture_topics,793
Education_and_Culture_topics,795
Education_and_Culture_topics,796
Education_and_Culture_topics,797
Education_and_Culture_topics,798
Education_and_Culture_topics,799
Education_and_Culture_topics,800
Education_and_Culture_topics,801
Education_and_Culture_topics,803
Education_and_Culture_topics,805
Education_and_Culture_topics,806
Education_and_Culture_topics,807
Education_and_Culture_topics,808
Education_and_Culture_topics,810
Education_and_Culture_topics,813
Education_and_Culture_topics,814
Education_and_Culture_topics,815
Education_and_Culture_topics,817
Education_and_Culture_topics,818
Education_and_Culture_topics,819
Education_and_Culture_topics,821
Education_and_Culture_topics,822
Education_and_Culture_topics,823
Education_and_Culture_topics,825
Education_and_Culture_topics,826
Education_and_Culture_topics,827
Education_and_Culture_topics,828
Education_and_Culture_topics,830
Education_and_Culture_topics,831
Education_and_Culture_topics,833
Education_and_Culture_topics,834
Education_and_Culture_topics,838
Education_and_Culture_topics,839
Education_and_Culture_topics,840
Education_and_Culture_topics,841
Education_and_Culture_topics,843
Education_and_Culture_topics,844
Education_and_Culture_topics,846
Education_and_Culture_topics,850
Education_and_Culture_topics,851
Education_and_Culture_topics,853
Education_and_Culture_topics,854
Education_and_Culture_topics,855
Education_and_Culture_topics,856
Education_and_Culture_topics,859
Education_and_Culture_topics,862
Education_and_Culture_topics,863
Education_and_Culture_topics,864
Education_and_Culture_topics,865
Education_and_Culture_topics,866
Education_and_Culture_topics,867
Education_and_Culture_topics,868
Education_and_Culture_topics,869
Education_and_Culture_topics,870
Education_and_Culture_topics,871
Education_and_Culture_topics,872
Education_and_Culture_topics,873
Education_and_Culture_topics,874
Education_and_Culture_topics,875
Education_and_Culture_topics,878
Education_and_Culture_topics,880
Education_and_Culture_topics,883
Education_and_Culture_topics,884
Education_and_Culture_topics,885
Education_and_Culture_topics,886
Education_and_Culture_topics,887
Education_and_Culture_topics,891
Education_and_Culture_topics,892
Education_and_Culture_topics,894
Education_and_Culture_topics,895
Education_and_Culture_topics,896
Education_and_Culture_topics,897
Education_and_Culture_topics,898
Education_and_Culture_topics,899
Education_and_Culture_topics,900
Education_and_Culture_topics,901
Education_and_Culture_topics,902
Education_and_Culture_topics,903
Education_and_Culture_topics,905
Education_and_Culture_topics,906
Education_and_Culture_topics,907
Education_and_Culture_topics,908
Education_and_Culture_topics,909
Education_and_Culture_topics,910
Education_and_Culture_topics,911
Education_and_Culture_topics,915
Education_and_Culture_topics,919
Education_and_Culture_topics,921
Daily_Life_and_Consumption,0
Daily_Life_and_Consumption,1
Daily_Life_and_Consumption,2
Daily_Life_and_Consumption,5
Daily_Life_and_Consumption,6
Daily_Life_and_Consumption,7
Daily_Life_and_Consumption,8
Daily_Life_and_Consumption,10
Daily_Life_and_Consumption,11
Daily_Life_and_Consumption,12
Daily_Life_and_Consumption,13
Daily_Life_and_Consumption,14
Daily_Life_and_Consumption,15
Daily_Life_and_Consumption,16
Daily_Life_and_Consumption,17
Daily_Life_and_Consumption,18
Daily_Life_and_Consumption,19
Daily_Life_and_Consumption,20
Daily_Life_and_Consumption,21
Daily_Life_and_Consumption,22
Daily_Life_and_Consumption,24
Daily_Life_and_Consumption,25
Daily_Life_and_Consumption,26
Daily_Life_and_Consumption,27
Daily_Life_and_Consumption,28
Daily_Life_and_Consumption,29
Daily_Life_and_Consumption,30
Daily_Life_and_Consumption,31
Daily_Life_and_Consumption,32
Daily_Life_and_Consumption,33
Daily_Life_and_Consumption,34
Daily_Life_and_Consumption,35
Daily_Life_and_Consumption,36
Daily_Life_and_Consumption,37
Daily_Life_and_Consumption,38
Daily_Life_and_Consumption,39
Daily_Life_and_Consumption,40
Daily_Life_and_Consumption,41
Daily_Life_and_Consumption,42
Daily_Life_and_Consumption,43
Daily_Life_and_Consumption,44
Daily_Life_and_Consumption,45
Daily_Life_and_Consumption,46
Daily_Life_and_Consumption,47
Daily_Life_and_Consumption,48
Daily_Life_and_Consumption,49
Daily_Life_and_Consumption,50
Daily_Life_and_Consumption,52
Daily_Life_and_Consumption,53
Daily_Life_and_Consumption,54
Daily_Life_and_Consumption,55
Daily_Life_and_Consumption,56
Daily_Life_and_Consumption,57
Daily_Life_and_Consumption,58
Daily_Life_and_Consumption,60
Daily_Life_and_Consumption,62
Daily_Life_and_Consumption,63
Daily_Life_and_Consumption,64
Daily_Life_and_Consumption,65
Daily_Life_and_Consumption,66
Daily_Life_and_Consumption,67
Daily_Life_and_Consumption,68
Daily_Life_and_Consumption,69
Daily_Life_and_Consumption,70
Daily_Life_and_Consumption,72
Daily_Life_and_Consumption,73
Daily_Life_and_Consumption,74
Daily_Life_and_Consumption,75
Daily_Life_and_Consumption,76
Daily_Life_and_Consumption,77
Daily_Life_and_Consumption,82
Daily_Life_and_Consumption,84
Daily_Life_and_Consumption,86
Daily_Life_and_Consumption,87
Daily_Life_and_Consumption,88
Daily_Life_and_Consumption,89
Daily_Life_and_Consumption,90
Daily_Life_and_Consumption,91
Daily_Life_and_Consumption,92
Daily_Life_and_Consumption,93
Daily_Life_and_Consumption,94
Daily_Life_and_Consumption,96
Daily_Life_and_Consumption,98
Daily_Life_and_Consumption,99
Daily_Life_and_Consumption,100
Daily_Life_and_Consumption,103
Daily_Life_and_Consumption,106
Daily_Life_and_Consumption,109
Daily_Life_and_Consumption,110
Daily_Life_and_Consumption,111
Daily_Life_and_Consumption,113
Daily_Life_and_Consumption,114
Daily_Life_and_Consumption,115
Daily_Life_and_Consumption,117
Daily_Life_and_Consumption,118
Daily_Life_and_Consumption,119
Daily_Life_and_Consumption,120
Daily_Life_and_Consumption,121
Daily_Life_and_Consumption,122
Daily_Life_and_Consumption,124
Daily_Life_and_Consumption,125
Daily_Life_and_Consumption,126
Daily_Life_and_Consumption,127
Daily_Life_and_Consumption,128
Daily_Life_and_Consumption,129
Daily_Life_and_Consumption,130
Daily_Life_and_Consumption,131
Daily_Life_and_Consumption,132
Daily_Life_and_Consumption,134
Daily_Life_and_Consumption,135
Daily_Life_and_Consumption,137
Daily_Life_and_Consumption,139
Daily_Life_and_Consumption,142
Daily_Life_and_Consumption,144
Daily_Life_and_Consumption,145
Daily_Life_and_Consumption,148
Daily_Life_and_Consumption,149
Daily_Life_and_Consumption,150
Daily_Life_and_Consumption,151
Daily_Life_and_Consumption,153
Daily_Life_and_Consumption,154
Daily_Life_and_Consumption,156
Daily_Life_and_Consumption,157
Daily_Life_and_Consumption,158
Daily_Life_and_Consumption,159
Daily_Life_and_Consumption,160
Daily_Life_and_Consumption,163
Daily_Life_and_Consumption,164
Daily_Life_and_Consumption,165
Daily_Life_and_Consumption,169
Daily_Life_and_Consumption,171
Daily_Life_and_Consumption,172
Daily_Life_and_Consumption,173
Daily_Life_and_Consumption,174
Daily_Life_and_Consumption,175
Daily_Life_and_Consumption,176
Daily_Life_and_Consumption,178
Daily_Life_and_Consumption,179
Daily_Life_and_Consumption,180
Daily_Life_and_Consumption,181
Daily_Life_and_Consumption,182
Daily_Life_and_Consumption,183
Daily_Life_and_Consumption,184
Daily_Life_and_Consumption,185
Daily_Life_and_Consumption,186
Daily_Life_and_Consumption,187
Daily_Life_and_Consumption,188
Daily_Life_and_Consumption,189
Daily_Life_and_Consumption,193
Daily_Life_and_Consumption,194
Daily_Life_and_Consumption,195
Daily_Life_and_Consumption,196
Daily_Life_and_Consumption,197
Daily_Life_and_Consumption,198
Daily_Life_and_Consumption,200
Daily_Life_and_Consumption,201
Daily_Life_and_Consumption,202
Daily_Life_and_Consumption,204
Daily_Life_and_Consumption,205
Daily_Life_and_Consumption,207
Daily_Life_and_Consumption,208
Daily_Life_and_Consumption,209
Daily_Life_and_Consumption,211
Daily_Life_and_Consumption,212
Daily_Life_and_Consumption,213
Daily_Life_and_Consumption,215
Daily_Life_and_Consumption,217
Daily_Life_and_Consumption,218
Daily_Life_and_Consumption,219
Daily_Life_and_Consumption,220
Daily_Life_and_Consumption,222
Daily_Life_and_Consumption,223
Daily_Life_and_Consumption,225
Daily_Life_and_Consumption,226
Daily_Life_and_Consumption,228
Daily_Life_and_Consumption,229
Daily_Life_and_Consumption,230
Daily_Life_and_Consumption,231
Daily_Life_and_Consumption,232
Daily_Life_and_Consumption,235
Daily_Life_and_Consumption,236
Daily_Life_and_Consumption,237
Daily_Life_and_Consumption,238
Daily_Life_and_Consumption,240
Daily_Life_and_Consumption,241
Daily_Life_and_Consumption,242
Daily_Life_and_Consumption,243
Daily_Life_and_Consumption,244
Daily_Life_and_Consumption,245
Daily_Life_and_Consumption,246
Daily_Life_and_Consumption,247
Daily_Life_and_Consumption,248
Daily_Life_and_Consumption,249
Daily_Life_and_Consumption,250
Daily_Life_and_Consumption,251
Daily_Life_and_Consumption,253
Daily_Life_and_Consumption,254
Daily_Life_and_Consumption,255
Daily_Life_and_Consumption,257
Daily_Life_and_Consumption,258
Daily_Life_and_Consumption,259
Daily_Life_and_Consumption,260
Daily_Life_and_Consumption,261
Daily_Life_and_Consumption,262
Daily_Life_and_Consumption,263
Daily_Life_and_Consumption,264
Daily_Life_and_Consumption,265
Daily_Life_and_Consumption,267
Daily_Life_and_Consumption,268
Daily_Life_and_Consumption,269
Daily_Life_and_Consumption,270
Daily_Life_and_Consumption,271
Daily_Life_and_Consumption,273
Daily_Life_and_Consumption,274
Daily_Life_and_Consumption,275
Daily_Life_and_Consumption,276
Daily_Life_and_Consumption,278
Daily_Life_and_Consumption,279
Daily_Life_and_Consumption,281
Daily_Life_and_Consumption,283
Daily_Life_and_Consumption,284
Daily_Life_and_Consumption,286
Daily_Life_and_Consumption,290
Daily_Life_and_Consumption,291
Daily_Life_and_Consumption,292
Daily_Life_and_Consumption,293
Daily_Life_and_Consumption,294
Daily_Life_and_Consumption,296
Daily_Life_and_Consumption,297
Daily_Life_and_Consumption,298
Daily_Life_and_Consumption,299
Daily_Life_and_Consumption,300
Daily_Life_and_Consumption,301
Daily_Life_and_Consumption,302
Daily_Life_and_Consumption,303
Daily_Life_and_Consumption,304
Daily_Life_and_Consumption,305
Daily_Life_and_Consumption,306
Daily_Life_and_Consumption,307
Daily_Life_and_Consumption,308
Daily_Life_and_Consumption,309
Daily_Life_and_Consumption,310
Daily_Life_and_Consumption,311
Daily_Life_and_Consumption,312
Daily_Life_and_Consumption,313
Daily_Life_and_Consumption,314
Daily_Life_and_Consumption,315
Daily_Life_and_Consumption,316
Daily_Life_and_Consumption,319
Daily_Life_and_Consumption,320
Daily_Life_and_Consumption,321
Daily_Life_and_Consumption,322
Daily_Life_and_Consumption,323
Daily_Life_and_Consumption,324
Daily_Life_and_Consumption,326
Daily_Life_and_Consumption,327
Daily_Life_and_Consumption,331
Daily_Life_and_Consumption,332
Daily_Life_and_Consumption,333
Daily_Life_and_Consumption,335
Daily_Life_and_Consumption,336
Daily_Life_and_Consumption,337
Daily_Life_and_Consumption,340
Daily_Life_and_Consumption,341
Daily_Life_and_Consumption,342
Daily_Life_and_Consumption,344
Daily_Life_and_Consumption,345
Daily_Life_and_Consumption,346
Daily_Life_and_Consumption,347
Daily_Life_and_Consumption,348
Daily_Life_and_Consumption,349
Daily_Life_and_Consumption,350
Daily_Life_and_Consumption,353
Daily_Life_and_Consumption,358
Daily_Life_and_Consumption,360
Daily_Life_and_Consumption,361
Daily_Life_and_Consumption,363
Daily_Life_and_Consumption,364
Daily_Life_and_Consumption,365
Daily_Life_and_Consumption,366
Daily_Life_and_Consumption,367
Daily_Life_and_Consumption,368
Daily_Life_and_Consumption,369
Daily_Life_and_Consumption,370
Daily_Life_and_Consumption,371
Daily_Life_and_Consumption,372
Daily_Life_and_Consumption,373
Daily_Life_and_Consumption,374
Daily_Life_and_Consumption,375
Daily_Life_and_Consumption,379
Daily_Life_and_Consumption,380
Daily_Life_and_Consumption,381
Daily_Life_and_Consumption,382
Daily_Life_and_Consumption,383
Daily_Life_and_Consumption,384
Daily_Life_and_Consumption,385
Daily_Life_and_Consumption,386
Daily_Life_and_Consumption,387
Daily_Life_and_Consumption,389
Daily_Life_and_Consumption,390
Daily_Life_and_Consumption,391
Daily_Life_and_Consumption,392
Daily_Life_and_Consumption,393
Daily_Life_and_Consumption,394
Daily_Life_and_Consumption,395
Daily_Life_and_Consumption,396
Daily_Life_and_Consumption,397
Daily_Life_and_Consumption,399
Daily_Life_and_Consumption,402
Daily_Life_and_Consumption,403
Daily_Life_and_Consumption,404
Daily_Life_and_Consumption,405
Daily_Life_and_Consumption,406
Daily_Life_and_Consumption,407
Daily_Life_and_Consumption,408
Daily_Life_and_Consumption,409
Daily_Life_and_Consumption,410
Daily_Life_and_Consumption,411
Daily_Life_and_Consumption,412
Daily_Life_and_Consumption,413
Daily_Life_and_Consumption,414
Daily_Life_and_Consumption,416
Daily_Life_and_Consumption,418
Daily_Life_and_Consumption,419
Daily_Life_and_Consumption,422
Daily_Life_and_Consumption,423
Daily_Life_and_Consumption,425
Daily_Life_and_Consumption,426
Daily_Life_and_Consumption,428
Daily_Life_and_Consumption,429
Daily_Life_and_Consumption,431
Daily_Life_and_Consumption,432
Daily_Life_and_Consumption,434
Daily_Life_and_Consumption,438
Daily_Life_and_Consumption,439
Daily_Life_and_Consumption,440
Daily_Life_and_Consumption,441
Daily_Life_and_Consumption,442
Daily_Life_and_Consumption,445
Daily_Life_and_Consumption,446
Daily_Life_and_Consumption,447
Daily_Life_and_Consumption,448
Daily_Life_and_Consumption,449
Daily_Life_and_Consumption,450
Daily_Life_and_Consumption,451
Daily_Life_and_Consumption,452
Daily_Life_and_Consumption,453
Daily_Life_and_Consumption,454
Daily_Life_and_Consumption,455
Daily_Life_and_Consumption,457
Daily_Life_and_Consumption,459
Daily_Life_and_Consumption,460
Daily_Life_and_Consumption,461
Daily_Life_and_Consumption,462
Daily_Life_and_Consumption,464
Daily_Life_and_Consumption,465
Daily_Life_and_Consumption,466
Daily_Life_and_Consumption,469
Daily_Life_and_Consumption,470
Daily_Life_and_Consumption,471
Daily_Life_and_Consumption,472
Daily_Life_and_Consumption,475
Daily_Life_and_Consumption,477
Daily_Life_and_Consumption,478
Daily_Life_and_Consumption,479
Daily_Life_and_Consumption,480
Daily_Life_and_Consumption,482
Daily_Life_and_Consumption,483
Daily_Life_and_Consumption,484
Daily_Life_and_Consumption,485
Daily_Life_and_Consumption,486
Daily_Life_and_Consumption,488
Daily_Life_and_Consumption,489
Daily_Life_and_Consumption,490
Daily_Life_and_Consumption,491
Daily_Life_and_Consumption,492
Daily_Life_and_Consumption,494
Daily_Life_and_Consumption,495
Daily_Life_and_Consumption,496
Daily_Life_and_Consumption,497
Daily_Life_and_Consumption,498
Daily_Life_and_Consumption,499
Daily_Life_and_Consumption,500
Daily_Life_and_Consumption,501
Daily_Life_and_Consumption,502
Daily_Life_and_Consumption,503
Daily_Life_and_Consumption,504
Daily_Life_and_Consumption,506
Daily_Life_and_Consumption,507
Daily_Life_and_Consumption,508
Daily_Life_and_Consumption,509
Daily_Life_and_Consumption,510
Daily_Life_and_Consumption,512
Daily_Life_and_Consumption,513
Daily_Life_and_Consumption,514
Daily_Life_and_Consumption,516
Daily_Life_and_Consumption,517
Daily_Life_and_Consumption,518
Daily_Life_and_Consumption,519
Daily_Life_and_Consumption,520
Daily_Life_and_Consumption,521
Daily_Life_and_Consumption,522
Daily_Life_and_Consumption,526
Daily_Life_and_Consumption,527
Daily_Life_and_Consumption,528
Daily_Life_and_Consumption,529
Daily_Life_and_Consumption,532
Daily_Life_and_Consumption,533
Daily_Life_and_Consumption,534
Daily_Life_and_Consumption,535
Daily_Life_and_Consumption,536
Daily_Life_and_Consumption,538
Daily_Life_and_Consumption,540
Daily_Life_and_Consumption,542
Daily_Life_and_Consumption,544
Daily_Life_and_Consumption,545
Daily_Life_and_Consumption,546
Daily_Life_and_Consumption,547
Daily_Life_and_Consumption,548
Daily_Life_and_Consumption,549
Daily_Life_and_Consumption,550
Daily_Life_and_Consumption,551
Daily_Life_and_Consumption,553
Daily_Life_and_Consumption,556
Daily_Life_and_Consumption,557
Daily_Life_and_Consumption,558
Daily_Life_and_Consumption,562
Daily_Life_and_Consumption,563
Daily_Life_and_Consumption,564
Daily_Life_and_Consumption,566
Daily_Life_and_Consumption,568
Daily_Life_and_Consumption,569
Daily_Life_and_Consumption,570
Daily_Life_and_Consumption,572
Daily_Life_and_Consumption,574
Daily_Life_and_Consumption,575
Daily_Life_and_Consumption,576
Daily_Life_and_Consumption,579
Daily_Life_and_Consumption,580
Daily_Life_and_Consumption,582
Daily_Life_and_Consumption,583
Daily_Life_and_Consumption,584
Daily_Life_and_Consumption,585
Daily_Life_and_Consumption,586
Daily_Life_and_Consumption,587
Daily_Life_and_Consumption,588
Daily_Life_and_Consumption,589
Daily_Life_and_Consumption,590
Daily_Life_and_Consumption,591
Daily_Life_and_Consumption,595
Daily_Life_and_Consumption,596
Daily_Life_and_Consumption,598
Daily_Life_and_Consumption,599
Daily_Life_and_Consumption,600
Daily_Life_and_Consumption,603
Daily_Life_and_Consumption,604
Daily_Life_and_Consumption,605
Daily_Life_and_Consumption,606
Daily_Life_and_Consumption,607
Daily_Life_and_Consumption,608
Daily_Life_and_Consumption,609
Daily_Life_and_Consumption,610
Daily_Life_and_Consumption,611
Daily_Life_and_Consumption,612
Daily_Life_and_Consumption,613
Daily_Life_and_Consumption,615
Daily_Life_and_Consumption,616
Daily_Life_and_Consumption,617
Daily_Life_and_Consumption,618
Daily_Life_and_Consumption,620
Daily_Life_and_Consumption,621
Daily_Life_and_Consumption,624
Daily_Life_and_Consumption,625
Daily_Life_and_Consumption,626
Daily_Life_and_Consumption,627
Daily_Life_and_Consumption,628
Daily_Life_and_Consumption,629
Daily_Life_and_Consumption,630
Daily_Life_and_Consumption,631
Daily_Life_and_Consumption,632
Daily_Life_and_Consumption,633
Daily_Life_and_Consumption,634
Daily_Life_and_Consumption,635
Daily_Life_and_Consumption,637
Daily_Life_and_Consumption,638
Daily_Life_and_Consumption,640
Daily_Life_and_Consumption,641
Daily_Life_and_Consumption,642
Daily_Life_and_Consumption,644
Daily_Life_and_Consumption,645
Daily_Life_and_Consumption,646
Daily_Life_and_Consumption,647
Daily_Life_and_Consumption,648
Daily_Life_and_Consumption,649
Daily_Life_and_Consumption,650
Daily_Life_and_Consumption,651
Daily_Life_and_Consumption,653
Daily_Life_and_Consumption,654
Daily_Life_and_Consumption,655
Daily_Life_and_Consumption,656
Daily_Life_and_Consumption,658
Daily_Life_and_Consumption,664
Daily_Life_and_Consumption,667
Daily_Life_and_Consumption,670
Daily_Life_and_Consumption,671
Daily_Life_and_Consumption,672
Daily_Life_and_Consumption,673
Daily_Life_and_Consumption,674
Daily_Life_and_Consumption,675
Daily_Life_and_Consumption,676
Daily_Life_and_Consumption,679
Daily_Life_and_Consumption,681
Daily_Life_and_Consumption,682
Daily_Life_and_Consumption,683
Daily_Life_and_Consumption,684
Daily_Life_and_Consumption,685
Daily_Life_and_Consumption,686
Daily_Life_and_Consumption,687
Daily_Life_and_Consumption,688
Daily_Life_and_Consumption,689
Daily_Life_and_Consumption,693
Daily_Life_and_Consumption,696
Daily_Life_and_Consumption,697
Daily_Life_and_Consumption,699
Daily_Life_and_Consumption,700
Daily_Life_and_Consumption,702
Daily_Life_and_Consumption,703
Daily_Life_and_Consumption,704
Daily_Life_and_Consumption,705
Daily_Life_and_Consumption,706
Daily_Life_and_Consumption,708
Daily_Life_and_Consumption,711
Daily_Life_and_Consumption,712
Daily_Life_and_Consumption,713
Daily_Life_and_Consumption,714
Daily_Life_and_Consumption,715
Daily_Life_and_Consumption,716
Daily_Life_and_Consumption,718
Daily_Life_and_Consumption,719
Daily_Life_and_Consumption,720
Daily_Life_and_Consumption,721
Daily_Life_and_Consumption,722
Daily_Life_and_Consumption,724
Daily_Life_and_Consumption,725
Daily_Life_and_Consumption,728
Daily_Life_and_Consumption,729
Daily_Life_and_Consumption,731
Daily_Life_and_Consumption,732
Daily_Life_and_Consumption,733
Daily_Life_and_Consumption,734
Daily_Life_and_Consumption,736
Daily_Life_and_Consumption,737
Daily_Life_and_Consumption,738
Daily_Life_and_Consumption,740
Daily_Life_and_Consumption,742
Daily_Life_and_Consumption,743
Daily_Life_and_Consumption,744
Daily_Life_and_Consumption,745
Daily_Life_and_Consumption,746
Daily_Life_and_Consumption,747
Daily_Life_and_Consumption,748
Daily_Life_and_Consumption,749
Daily_Life_and_Consumption,751
Daily_Life_and_Consumption,752
Daily_Life_and_Consumption,753
Daily_Life_and_Consumption,754
Daily_Life_and_Consumption,755
Daily_Life_and_Consumption,756
Daily_Life_and_Consumption,757
Daily_Life_and_Consumption,758
Daily_Life_and_Consumption,759
Daily_Life_and_Consumption,760
Daily_Life_and_Consumption,761
Daily_Life_and_Consumption,763
Daily_Life_and_Consumption,766
Daily_Life_and_Consumption,767
Daily_Life_and_Consumption,769
Daily_Life_and_Consumption,771
Daily_Life_and_Consumption,772
Daily_Life_and_Consumption,774
Daily_Life_and_Consumption,776
Daily_Life_and_Consumption,777
Daily_Life_and_Consumption,778
Daily_Life_and_Consumption,779
Daily_Life_and_Consumption,780
Daily_Life_and_Consumption,781
Daily_Life_and_Consumption,782
Daily_Life_and_Consumption,784
Daily_Life_and_Consumption,788
Daily_Life_and_Consumption,789
Daily_Life_and_Consumption,790
Daily_Life_and_Consumption,791
Daily_Life_and_Consumption,792
Daily_Life_and_Consumption,793
Daily_Life_and_Consumption,794
Daily_Life_and_Consumption,795
Daily_Life_and_Consumption,796
Daily_Life_and_Consumption,797
Daily_Life_and_Consumption,798
Daily_Life_and_Consumption,799
Daily_Life_and_Consumption,800
Daily_Life_and_Consumption,802
Daily_Life_and_Consumption,803
Daily_Life_and_Consumption,804
Daily_Life_and_Consumption,806
Daily_Life_and_Consumption,808
Daily_Life_and_Consumption,809
Daily_Life_and_Consumption,811
Daily_Life_and_Consumption,812
Daily_Life_and_Consumption,813
Daily_Life_and_Consumption,815
Daily_Life_and_Consumption,816
Daily_Life_and_Consumption,817
Daily_Life_and_Consumption,819
Daily_Life_and_Consumption,820
Daily_Life_and_Consumption,821
Daily_Life_and_Consumption,822
Daily_Life_and_Consumption,823
Daily_Life_and_Consumption,824
Daily_Life_and_Consumption,827
Daily_Life_and_Consumption,828
Daily_Life_and_Consumption,829
Daily_Life_and_Consumption,830
Daily_Life_and_Consumption,831
Daily_Life_and_Consumption,832
Daily_Life_and_Consumption,833
Daily_Life_and_Consumption,834
Daily_Life_and_Consumption,835
Daily_Life_and_Consumption,836
Daily_Life_and_Consumption,837
Daily_Life_and_Consumption,838
Daily_Life_and_Consumption,839
Daily_Life_and_Consumption,840
Daily_Life_and_Consumption,841
Daily_Life_and_Consumption,842
Daily_Life_and_Consumption,844
Daily_Life_and_Consumption,845
Daily_Life_and_Consumption,846
Daily_Life_and_Consumption,847
Daily_Life_and_Consumption,848
Daily_Life_and_Consumption,849
Daily_Life_and_Consumption,850
Daily_Life_and_Consumption,851
Daily_Life_and_Consumption,852
Daily_Life_and_Consumption,853
Daily_Life_and_Consumption,855
Daily_Life_and_Consumption,856
Daily_Life_and_Consumption,857
Daily_Life_and_Consumption,858
Daily_Life_and_Consumption,860
Daily_Life_and_Consumption,861
Daily_Life_and_Consumption,862
Daily_Life_and_Consumption,863
Daily_Life_and_Consumption,865
Daily_Life_and_Consumption,868
Daily_Life_and_Consumption,869
Daily_Life_and_Consumption,872
Daily_Life_and_Consumption,873
Daily_Life_and_Consumption,874
Daily_Life_and_Consumption,875
Daily_Life_and_Consumption,876
Daily_Life_and_Consumption,877
Daily_Life_and_Consumption,878
Daily_Life_and_Consumption,879
Daily_Life_and_Consumption,881
Daily_Life_and_Consumption,882
Daily_Life_and_Consumption,885
Daily_Life_and_Consumption,886
Daily_Life_and_Consumption,887
Daily_Life_and_Consumption,888
Daily_Life_and_Consumption,889
Daily_Life_and_Consumption,890
Daily_Life_and_Consumption,891
Daily_Life_and_Consumption,892
Daily_Life_and_Consumption,893
Daily_Life_and_Consumption,894
Daily_Life_and_Consumption,896
Daily_Life_and_Consumption,897
Daily_Life_and_Consumption,898
Daily_Life_and_Consumption,899
Daily_Life_and_Consumption,900
Daily_Life_and_Consumption,902
Daily_Life_and_Consumption,903
Daily_Life_and_Consumption,904
Daily_Life_and_Consumption,906
Daily_Life_and_Consumption,907
Daily_Life_and_Consumption,908
Daily_Life_and_Consumption,909
Daily_Life_and_Consumption,911
Daily_Life_and_Consumption,912
Daily_Life_and_Consumption,913
Daily_Life_and_Consumption,914
Daily_Life_and_Consumption,915
Daily_Life_and_Consumption,916
Daily_Life_and_Consumption,917
Daily_Life_and_Consumption,918
Daily_Life_and_Consumption,919
Daily_Life_and_Consumption,920
Daily_Life_and_Consumption,921
Daily_Life_and_Consumption,922
Health_and_Medicine,0
Health_and_Medicine,3
Health_and_Medicine,4
Health_and_Medicine,9
Health_and_Medicine,15
Health_and_Medicine,17
Health_and_Medicine,23
Health_and_Medicine,27
Health_and_Medicine,31
Health_and_Medicine,32
Health_and_Medicine,33
Health_and_Medicine,34
Health_and_Medicine,35
Health_and_Medicine,36
Health_and_Medicine,37
Health_and_Medicine,38
Health_and_Medicine,39
Health_and_Medicine,40
Health_and_Medicine,50
Health_and_Medicine,51
Health_and_Medicine,53
Health_and_Medicine,54
Health_and_Medicine,59
Health_and_Medicine,61
Health_and_Medicine,62
Health_and_Medicine,64
Health_and_Medicine,65
Health_and_Medicine,67
Health_and_Medicine,70
Health_and_Medicine,71
Health_and_Medicine,76
Health_and_Medicine,78
Health_and_Medicine,79
Health_and_Medicine,80
Health_and_Medicine,81
Health_and_Medicine,83
Health_and_Medicine,85
Health_and_Medicine,91
Health_and_Medicine,95
Health_and_Medicine,97
Health_and_Medicine,98
Health_and_Medicine,100
Health_and_Medicine,101
Health_and_Medicine,102
Health_and_Medicine,104
Health_and_Medicine,105
Health_and_Medicine,107
Health_and_Medicine,108
Health_and_Medicine,109
Health_and_Medicine,112
Health_and_Medicine,113
Health_and_Medicine,116
Health_and_Medicine,120
Health_and_Medicine,123
Health_and_Medicine,132
Health_and_Medicine,133
Health_and_Medicine,136
Health_and_Medicine,137
Health_and_Medicine,138
Health_and_Medicine,140
Health_and_Medicine,141
Health_and_Medicine,143
Health_and_Medicine,146
Health_and_Medicine,147
Health_and_Medicine,152
Health_and_Medicine,155
Health_and_Medicine,161
Health_and_Medicine,162
Health_and_Medicine,166
Health_and_Medicine,167
Health_and_Medicine,168
Health_and_Medicine,170
Health_and_Medicine,173
Health_and_Medicine,177
Health_and_Medicine,180
Health_and_Medicine,182
Health_and_Medicine,183
Health_and_Medicine,184
Health_and_Medicine,190
Health_and_Medicine,191
Health_and_Medicine,192
Health_and_Medicine,195
Health_and_Medicine,198
Health_and_Medicine,199
Health_and_Medicine,201
Health_and_Medicine,203
Health_and_Medicine,204
Health_and_Medicine,206
Health_and_Medicine,208
Health_and_Medicine,210
Health_and_Medicine,213
Health_and_Medicine,214
Health_and_Medicine,216
Health_and_Medicine,220
Health_and_Medicine,221
Health_and_Medicine,224
Health_and_Medicine,227
Health_and_Medicine,233
Health_and_Medicine,234
Health_and_Medicine,239
Health_and_Medicine,245
Health_and_Medicine,247
Health_and_Medicine,248
Health_and_Medicine,252
Health_and_Medicine,255
Health_and_Medicine,256
Health_and_Medicine,266
Health_and_Medicine,267
Health_and_Medicine,272
Health_and_Medicine,274
Health_and_Medicine,277
Health_and_Medicine,278
Health_and_Medicine,280
Health_and_Medicine,282
Health_and_Medicine,284
Health_and_Medicine,285
Health_and_Medicine,287
Health_and_Medicine,288
Health_and_Medicine,289
Health_and_Medicine,294
Health_and_Medicine,295
Health_and_Medicine,307
Health_and_Medicine,315
Health_and_Medicine,317
Health_and_Medicine,318
Health_and_Medicine,323
Health_and_Medicine,325
Health_and_Medicine,328
Health_and_Medicine,329
Health_and_Medicine,330
Health_and_Medicine,332
Health_and_Medicine,334
Health_and_Medicine,338
Health_and_Medicine,339
Health_and_Medicine,343
Health_and_Medicine,346
Health_and_Medicine,351
Health_and_Medicine,352
Health_and_Medicine,354
Health_and_Medicine,355
Health_and_Medicine,356
Health_and_Medicine,357
Health_and_Medicine,359
Health_and_Medicine,361
Health_and_Medicine,362
Health_and_Medicine,366
Health_and_Medicine,371
Health_and_Medicine,375
Health_and_Medicine,376
Health_and_Medicine,377
Health_and_Medicine,378
Health_and_Medicine,381
Health_and_Medicine,386
Health_and_Medicine,388
Health_and_Medicine,390
Health_and_Medicine,391
Health_and_Medicine,393
Health_and_Medicine,397
Health_and_Medicine,398
Health_and_Medicine,399
Health_and_Medicine,400
Health_and_Medicine,401
Health_and_Medicine,410
Health_and_Medicine,411
Health_and_Medicine,412
Health_and_Medicine,413
Health_and_Medicine,415
Health_and_Medicine,417
Health_and_Medicine,420
Health_and_Medicine,421
Health_and_Medicine,424
Health_and_Medicine,425
Health_and_Medicine,427
Health_and_Medicine,428
Health_and_Medicine,430
Health_and_Medicine,433
Health_and_Medicine,435
Health_and_Medicine,436
Health_and_Medicine,437
Health_and_Medicine,441
Health_and_Medicine,442
Health_and_Medicine,443
Health_and_Medicine,444
Health_and_Medicine,448
Health_and_Medicine,449
Health_and_Medicine,451
Health_and_Medicine,452
Health_and_Medicine,454
Health_and_Medicine,455
Health_and_Medicine,456
Health_and_Medicine,458
Health_and_Medicine,460
Health_and_Medicine,461
Health_and_Medicine,462
Health_and_Medicine,463
Health_and_Medicine,466
Health_and_Medicine,467
Health_and_Medicine,468
Health_and_Medicine,473
Health_and_Medicine,474
Health_and_Medicine,476
Health_and_Medicine,478
Health_and_Medicine,481
Health_and_Medicine,482
Health_and_Medicine,485
Health_and_Medicine,487
Health_and_Medicine,491
Health_and_Medicine,493
Health_and_Medicine,495
Health_and_Medicine,505
Health_and_Medicine,506
Health_and_Medicine,508
Health_and_Medicine,509
Health_and_Medicine,511
Health_and_Medicine,515
Health_and_Medicine,516
Health_and_Medicine,523
Health_and_Medicine,524
Health_and_Medicine,525
Health_and_Medicine,527
Health_and_Medicine,530
Health_and_Medicine,531
Health_and_Medicine,537
Health_and_Medicine,538
Health_and_Medicine,539
Health_and_Medicine,541
Health_and_Medicine,543
Health_and_Medicine,544
Health_and_Medicine,552
Health_and_Medicine,553
Health_and_Medicine,554
Health_and_Medicine,555
Health_and_Medicine,559
Health_and_Medicine,560
Health_and_Medicine,561
Health_and_Medicine,565
Health_and_Medicine,567
Health_and_Medicine,569
Health_and_Medicine,571
Health_and_Medicine,573
Health_and_Medicine,575
Health_and_Medicine,577
Health_and_Medicine,578
Health_and_Medicine,579
Health_and_Medicine,581
Health_and_Medicine,583
Health_and_Medicine,587
Health_and_Medicine,589
Health_and_Medicine,592
Health_and_Medicine,593
Health_and_Medicine,594
Health_and_Medicine,595
Health_and_Medicine,597
Health_and_Medicine,600
Health_and_Medicine,601
Health_and_Medicine,602
Health_and_Medicine,604
Health_and_Medicine,606
Health_and_Medicine,607
Health_and_Medicine,609
Health_and_Medicine,614
Health_and_Medicine,619
Health_and_Medicine,620
Health_and_Medicine,622
Health_and_Medicine,623
Health_and_Medicine,624
Health_and_Medicine,629
Health_and_Medicine,631
Health_and_Medicine,636
Health_and_Medicine,639
Health_and_Medicine,643
Health_and_Medicine,645
Health_and_Medicine,647
Health_and_Medicine,648
Health_and_Medicine,650
Health_and_Medicine,652
Health_and_Medicine,656
Health_and_Medicine,657
Health_and_Medicine,659
Health_and_Medicine,660
Health_and_Medicine,661
Health_and_Medicine,662
Health_and_Medicine,663
Health_and_Medicine,665
Health_and_Medicine,666
Health_and_Medicine,668
Health_and_Medicine,669
Health_and_Medicine,670
Health_and_Medicine,672
Health_and_Medicine,675
Health_and_Medicine,677
Health_and_Medicine,678
Health_and_Medicine,680
Health_and_Medicine,683
Health_and_Medicine,690
Health_and_Medicine,691
Health_and_Medicine,692
Health_and_Medicine,694
Health_and_Medicine,695
Health_and_Medicine,698
Health_and_Medicine,701
Health_and_Medicine,702
Health_and_Medicine,707
Health_and_Medicine,709
Health_and_Medicine,710
Health_and_Medicine,712
Health_and_Medicine,716
Health_and_Medicine,717
Health_and_Medicine,719
Health_and_Medicine,720
Health_and_Medicine,721
Health_and_Medicine,722
Health_and_Medicine,723
Health_and_Medicine,726
Health_and_Medicine,727
Health_and_Medicine,728
Health_and_Medicine,729
Health_and_Medicine,730
Health_and_Medicine,735
Health_and_Medicine,737
Health_and_Medicine,738
Health_and_Medicine,739
Health_and_Medicine,741
Health_and_Medicine,746
Health_and_Medicine,750
Health_and_Medicine,752
Health_and_Medicine,753
Health_and_Medicine,762
Health_and_Medicine,764
Health_and_Medicine,765
Health_and_Medicine,766
Health_and_Medicine,768
Health_and_Medicine,770
Health_and_Medicine,771
Health_and_Medicine,773
Health_and_Medicine,775
Health_and_Medicine,776
Health_and_Medicine,779
Health_and_Medicine,781
Health_and_Medicine,782
Health_and_Medicine,783
Health_and_Medicine,785
Health_and_Medicine,786
Health_and_Medicine,787
Health_and_Medicine,788
Health_and_Medicine,798
Health_and_Medicine,801
Health_and_Medicine,803
Health_and_Medicine,805
Health_and_Medicine,806
Health_and_Medicine,807
Health_and_Medicine,808
Health_and_Medicine,810
Health_and_Medicine,813
Health_and_Medicine,814
Health_and_Medicine,818
Health_and_Medicine,819
Health_and_Medicine,821
Health_and_Medicine,822
Health_and_Medicine,823
Health_and_Medicine,825
Health_and_Medicine,826
Health_and_Medicine,827
Health_and_Medicine,831
Health_and_Medicine,833
Health_and_Medicine,839
Health_and_Medicine,841
Health_and_Medicine,843
Health_and_Medicine,854
Health_and_Medicine,856
Health_and_Medicine,859
Health_and_Medicine,863
Health_and_Medicine,864
Health_and_Medicine,865
Health_and_Medicine,866
Health_and_Medicine,867
Health_and_Medicine,868
Health_and_Medicine,869
Health_and_Medicine,870
Health_and_Medicine,871
Health_and_Medicine,880
Health_and_Medicine,883
Health_and_Medicine,884
Health_and_Medicine,887
Health_and_Medicine,891
Health_and_Medicine,894
Health_and_Medicine,895
Health_and_Medicine,898
Health_and_Medicine,899
Health_and_Medicine,900
Health_and_Medicine,901
Health_and_Medicine,902
Health_and_Medicine,903
Health_and_Medicine,905
Health_and_Medicine,908
Health_and_Medicine,909
Health_and_Medicine,910
Health_and_Medicine,915
Economy_and_Social_Status,1
Economy_and_Social_Status,3
Economy_and_Social_Status,5
Economy_and_Social_Status,6
Economy_and_Social_Status,7
Economy_and_Social_Status,8
Economy_and_Social_Status,16
Economy_and_Social_Status,18
Economy_and_Social_Status,25
Economy_and_Social_Status,28
Economy_and_Social_Status,29
Economy_and_Social_Status,30
Economy_and_Social_Status,41
Economy_and_Social_Status,42
Economy_and_Social_Status,43
Economy_and_Social_Status,44
Economy_and_Social_Status,46
Economy_and_Social_Status,47
Economy_and_Social_Status,48
Economy_and_Social_Status,51
Economy_and_Social_Status,52
Economy_and_Social_Status,56
Economy_and_Social_Status,58
Economy_and_Social_Status,59
Economy_and_Social_Status,61
Economy_and_Social_Status,68
Economy_and_Social_Status,69
Economy_and_Social_Status,72
Economy_and_Social_Status,73
Economy_and_Social_Status,75
Economy_and_Social_Status,77
Economy_and_Social_Status,82
Economy_and_Social_Status,83
Economy_and_Social_Status,87
Economy_and_Social_Status,90
Economy_and_Social_Status,93
Economy_and_Social_Status,94
Economy_and_Social_Status,95
Economy_and_Social_Status,96
Economy_and_Social_Status,97
Economy_and_Social_Status,99
Economy_and_Social_Status,101
Economy_and_Social_Status,103
Economy_and_Social_Status,105
Economy_and_Social_Status,106
Economy_and_Social_Status,110
Economy_and_Social_Status,111
Economy_and_Social_Status,112
Economy_and_Social_Status,114
Economy_and_Social_Status,116
Economy_and_Social_Status,117
Economy_and_Social_Status,118
Economy_and_Social_Status,119
Economy_and_Social_Status,121
Economy_and_Social_Status,124
Economy_and_Social_Status,125
Economy_and_Social_Status,127
Economy_and_Social_Status,128
Economy_and_Social_Status,131
Economy_and_Social_Status,133
Economy_and_Social_Status,139
Economy_and_Social_Status,144
Economy_and_Social_Status,145
Economy_and_Social_Status,146
Economy_and_Social_Status,150
Economy_and_Social_Status,151
Economy_and_Social_Status,152
Economy_and_Social_Status,153
Economy_and_Social_Status,155
Economy_and_Social_Status,156
Economy_and_Social_Status,157
Economy_and_Social_Status,158
Economy_and_Social_Status,159
Economy_and_Social_Status,160
Economy_and_Social_Status,161
Economy_and_Social_Status,162
Economy_and_Social_Status,164
Economy_and_Social_Status,166
Economy_and_Social_Status,167
Economy_and_Social_Status,168
Economy_and_Social_Status,171
Economy_and_Social_Status,172
Economy_and_Social_Status,174
Economy_and_Social_Status,175
Economy_and_Social_Status,178
Economy_and_Social_Status,185
Economy_and_Social_Status,186
Economy_and_Social_Status,187
Economy_and_Social_Status,188
Economy_and_Social_Status,189
Economy_and_Social_Status,191
Economy_and_Social_Status,193
Economy_and_Social_Status,194
Economy_and_Social_Status,199
Economy_and_Social_Status,202
Economy_and_Social_Status,203
Economy_and_Social_Status,209
Economy_and_Social_Status,211
Economy_and_Social_Status,212
Economy_and_Social_Status,214
Economy_and_Social_Status,215
Economy_and_Social_Status,216
Economy_and_Social_Status,217
Economy_and_Social_Status,218
Economy_and_Social_Status,221
Economy_and_Social_Status,222
Economy_and_Social_Status,223
Economy_and_Social_Status,225
Economy_and_Social_Status,226
Economy_and_Social_Status,227
Economy_and_Social_Status,228
Economy_and_Social_Status,233
Economy_and_Social_Status,234
Economy_and_Social_Status,236
Economy_and_Social_Status,237
Economy_and_Social_Status,238
Economy_and_Social_Status,239
Economy_and_Social_Status,240
Economy_and_Social_Status,242
Economy_and_Social_Status,243
Economy_and_Social_Status,246
Economy_and_Social_Status,251
Economy_and_Social_Status,252
Economy_and_Social_Status,254
Economy_and_Social_Status,257
Economy_and_Social_Status,258
Economy_and_Social_Status,260
Economy_and_Social_Status,261
Economy_and_Social_Status,263
Economy_and_Social_Status,266
Economy_and_Social_Status,270
Economy_and_Social_Status,271
Economy_and_Social_Status,272
Economy_and_Social_Status,279
Economy_and_Social_Status,281
Economy_and_Social_Status,286
Economy_and_Social_Status,287
Economy_and_Social_Status,288
Economy_and_Social_Status,289
Economy_and_Social_Status,290
Economy_and_Social_Status,292
Economy_and_Social_Status,293
Economy_and_Social_Status,296
Economy_and_Social_Status,297
Economy_and_Social_Status,299
Economy_and_Social_Status,305
Economy_and_Social_Status,306
Economy_and_Social_Status,308
Economy_and_Social_Status,310
Economy_and_Social_Status,312
Economy_and_Social_Status,313
Economy_and_Social_Status,314
Economy_and_Social_Status,316
Economy_and_Social_Status,319
Economy_and_Social_Status,320
Economy_and_Social_Status,322
Economy_and_Social_Status,324
Economy_and_Social_Status,325
Economy_and_Social_Status,326
Economy_and_Social_Status,331
Economy_and_Social_Status,333
Economy_and_Social_Status,334
Economy_and_Social_Status,335
Economy_and_Social_Status,338
Economy_and_Social_Status,340
Economy_and_Social_Status,343
Economy_and_Social_Status,344
Economy_and_Social_Status,347
Economy_and_Social_Status,348
Economy_and_Social_Status,349
Economy_and_Social_Status,351
Economy_and_Social_Status,353
Economy_and_Social_Status,354
Economy_and_Social_Status,355
Economy_and_Social_Status,359
Economy_and_Social_Status,360
Economy_and_Social_Status,363
Economy_and_Social_Status,364
Economy_and_Social_Status,365
Economy_and_Social_Status,368
Economy_and_Social_Status,369
Economy_and_Social_Status,370
Economy_and_Social_Status,372
Economy_and_Social_Status,373
Economy_and_Social_Status,374
Economy_and_Social_Status,377
Economy_and_Social_Status,379
Economy_and_Social_Status,382
Economy_and_Social_Status,383
Economy_and_Social_Status,385
Economy_and_Social_Status,388
Economy_and_Social_Status,389
Economy_and_Social_Status,392
Economy_and_Social_Status,394
Economy_and_Social_Status,398
Economy_and_Social_Status,400
Economy_and_Social_Status,402
Economy_and_Social_Status,403
Economy_and_Social_Status,404
Economy_and_Social_Status,406
Economy_and_Social_Status,416
Economy_and_Social_Status,418
Economy_and_Social_Status,419
Economy_and_Social_Status,421
Economy_and_Social_Status,422
Economy_and_Social_Status,423
Economy_and_Social_Status,424
Economy_and_Social_Status,426
Economy_and_Social_Status,431
Economy_and_Social_Status,439
Economy_and_Social_Status,444
Economy_and_Social_Status,445
Economy_and_Social_Status,447
Economy_and_Social_Status,453
Economy_and_Social_Status,456
Economy_and_Social_Status,457
Economy_and_Social_Status,458
Economy_and_Social_Status,459
Economy_and_Social_Status,463
Economy_and_Social_Status,464
Economy_and_Social_Status,465
Economy_and_Social_Status,468
Economy_and_Social_Status,469
Economy_and_Social_Status,471
Economy_and_Social_Status,474
Economy_and_Social_Status,476
Economy_and_Social_Status,480
Economy_and_Social_Status,481
Economy_and_Social_Status,484
Economy_and_Social_Status,486
Economy_and_Social_Status,488
Economy_and_Social_Status,489
Economy_and_Social_Status,490
Economy_and_Social_Status,492
Economy_and_Social_Status,493
Economy_and_Social_Status,496
Economy_and_Social_Status,497
Economy_and_Social_Status,498
Economy_and_Social_Status,500
Economy_and_Social_Status,504
Economy_and_Social_Status,507
Economy_and_Social_Status,510
Economy_and_Social_Status,512
Economy_and_Social_Status,514
Economy_and_Social_Status,515
Economy_and_Social_Status,517
Economy_and_Social_Status,518
Economy_and_Social_Status,519
Economy_and_Social_Status,520
Economy_and_Social_Status,523
Economy_and_Social_Status,524
Economy_and_Social_Status,525
Economy_and_Social_Status,528
Economy_and_Social_Status,529
Economy_and_Social_Status,530
Economy_and_Social_Status,533
Economy_and_Social_Status,534
Economy_and_Social_Status,537
Economy_and_Social_Status,543
Economy_and_Social_Status,545
Economy_and_Social_Status,547
Economy_and_Social_Status,548
Economy_and_Social_Status,549
Economy_and_Social_Status,550
Economy_and_Social_Status,551
Economy_and_Social_Status,552
Economy_and_Social_Status,554
Economy_and_Social_Status,556
Economy_and_Social_Status,560
Economy_and_Social_Status,561
Economy_and_Social_Status,566
Economy_and_Social_Status,567
Economy_and_Social_Status,568
Economy_and_Social_Status,570
Economy_and_Social_Status,571
Economy_and_Social_Status,572
Economy_and_Social_Status,573
Economy_and_Social_Status,576
Economy_and_Social_Status,577
Economy_and_Social_Status,580
Economy_and_Social_Status,581
Economy_and_Social_Status,588
Economy_and_Social_Status,591
Economy_and_Social_Status,596
Economy_and_Social_Status,599
Economy_and_Social_Status,602
Economy_and_Social_Status,605
Economy_and_Social_Status,615
Economy_and_Social_Status,616
Economy_and_Social_Status,617
Economy_and_Social_Status,618
Economy_and_Social_Status,619
Economy_and_Social_Status,621
Economy_and_Social_Status,627
Economy_and_Social_Status,628
Economy_and_Social_Status,630
Economy_and_Social_Status,632
Economy_and_Social_Status,634
Economy_and_Social_Status,637
Economy_and_Social_Status,638
Economy_and_Social_Status,642
Economy_and_Social_Status,644
Economy_and_Social_Status,646
Economy_and_Social_Status,649
Economy_and_Social_Status,651
Economy_and_Social_Status,652
Economy_and_Social_Status,653
Economy_and_Social_Status,657
Economy_and_Social_Status,662
Economy_and_Social_Status,664
Economy_and_Social_Status,665
Economy_and_Social_Status,666
Economy_and_Social_Status,671
Economy_and_Social_Status,673
Economy_and_Social_Status,674
Economy_and_Social_Status,676
Economy_and_Social_Status,677
Economy_and_Social_Status,678
Economy_and_Social_Status,679
Economy_and_Social_Status,681
Economy_and_Social_Status,684
Economy_and_Social_Status,685
Economy_and_Social_Status,686
Economy_and_Social_Status,689
Economy_and_Social_Status,691
Economy_and_Social_Status,692
Economy_and_Social_Status,693
Economy_and_Social_Status,694
Economy_and_Social_Status,695
Economy_and_Social_Status,696
Economy_and_Social_Status,697
Economy_and_Social_Status,699
Economy_and_Social_Status,700
Economy_and_Social_Status,701
Economy_and_Social_Status,703
Economy_and_Social_Status,704
Economy_and_Social_Status,705
Economy_and_Social_Status,707
Economy_and_Social_Status,708
Economy_and_Social_Status,715
Economy_and_Social_Status,718
Economy_and_Social_Status,723
Economy_and_Social_Status,725
Economy_and_Social_Status,726
Economy_and_Social_Status,731
Economy_and_Social_Status,733
Economy_and_Social_Status,734
Economy_and_Social_Status,736
Economy_and_Social_Status,739
Economy_and_Social_Status,740
Economy_and_Social_Status,741
Economy_and_Social_Status,742
Economy_and_Social_Status,743
Economy_and_Social_Status,744
Economy_and_Social_Status,745
Economy_and_Social_Status,749
Economy_and_Social_Status,751
Economy_and_Social_Status,754
Economy_and_Social_Status,756
Economy_and_Social_Status,757
Economy_and_Social_Status,758
Economy_and_Social_Status,762
Economy_and_Social_Status,763
Economy_and_Social_Status,764
Economy_and_Social_Status,765
Economy_and_Social_Status,767
Economy_and_Social_Status,772
Economy_and_Social_Status,774
Economy_and_Social_Status,775
Economy_and_Social_Status,780
Economy_and_Social_Status,785
Economy_and_Social_Status,787
Economy_and_Social_Status,789
Economy_and_Social_Status,790
Economy_and_Social_Status,791
Economy_and_Social_Status,792
Economy_and_Social_Status,793
Economy_and_Social_Status,795
Economy_and_Social_Status,796
Economy_and_Social_Status,797
Economy_and_Social_Status,799
Economy_and_Social_Status,800
Economy_and_Social_Status,801
Economy_and_Social_Status,810
Economy_and_Social_Status,814
Economy_and_Social_Status,815
Economy_and_Social_Status,817
Economy_and_Social_Status,818
Economy_and_Social_Status,826
Economy_and_Social_Status,828
Economy_and_Social_Status,829
Economy_and_Social_Status,830
Economy_and_Social_Status,834
Economy_and_Social_Status,835
Economy_and_Social_Status,838
Economy_and_Social_Status,840
Economy_and_Social_Status,843
Economy_and_Social_Status,844
Economy_and_Social_Status,846
Economy_and_Social_Status,847
Economy_and_Social_Status,848
Economy_and_Social_Status,849
Economy_and_Social_Status,850
Economy_and_Social_Status,851
Economy_and_Social_Status,852
Economy_and_Social_Status,853
Economy_and_Social_Status,855
Economy_and_Social_Status,859
Economy_and_Social_Status,862
Economy_and_Social_Status,864
Economy_and_Social_Status,866
Economy_and_Social_Status,867
Economy_and_Social_Status,870
Economy_and_Social_Status,871
Economy_and_Social_Status,872
Economy_and_Social_Status,873
Economy_and_Social_Status,874
Economy_and_Social_Status,875
Economy_and_Social_Status,878
Economy_and_Social_Status,880
Economy_and_Social_Status,882
Economy_and_Social_Status,885
Economy_and_Social_Status,886
Economy_and_Social_Status,892
Economy_and_Social_Status,896
Economy_and_Social_Status,897
Economy_and_Social_Status,901
Economy_and_Social_Status,904
Economy_and_Social_Status,905
Economy_and_Social_Status,906
Economy_and_Social_Status,907
Economy_and_Social_Status,910
Economy_and_Social_Status,911
Economy_and_Social_Status,917
Economy_and_Social_Status,918
Economy_and_Social_Status,919
Economy_and_Social_Status,921
