Category,Document ID
Family_and_Marriage,0
Family_and_Marriage,1
Family_and_Marriage,2
Family_and_Marriage,3
Family_and_Marriage,4
Family_and_Marriage,5
Family_and_Marriage,6
Family_and_Marriage,7
Family_and_Marriage,8
Family_and_Marriage,9
Family_and_Marriage,10
Family_and_Marriage,11
Family_and_Marriage,12
Family_and_Marriage,13
Family_and_Marriage,14
Family_and_Marriage,15
Family_and_Marriage,16
Family_and_Marriage,17
Family_and_Marriage,18
Family_and_Marriage,19
Family_and_Marriage,20
Family_and_Marriage,21
Family_and_Marriage,22
Family_and_Marriage,23
Family_and_Marriage,24
Family_and_Marriage,25
Family_and_Marriage,26
Family_and_Marriage,27
Family_and_Marriage,28
Family_and_Marriage,29
Family_and_Marriage,30
Family_and_Marriage,31
Family_and_Marriage,32
Family_and_Marriage,33
Family_and_Marriage,34
Family_and_Marriage,35
Family_and_Marriage,36
Family_and_Marriage,37
Family_and_Marriage,38
Family_and_Marriage,39
Family_and_Marriage,40
Family_and_Marriage,41
Family_and_Marriage,42
Family_and_Marriage,43
Family_and_Marriage,44
Family_and_Marriage,45
Family_and_Marriage,46
Family_and_Marriage,47
Family_and_Marriage,48
Family_and_Marriage,49
Family_and_Marriage,50
Family_and_Marriage,51
Family_and_Marriage,52
Family_and_Marriage,53
Family_and_Marriage,54
Family_and_Marriage,55
Family_and_Marriage,56
Family_and_Marriage,57
Family_and_Marriage,58
Family_and_Marriage,59
Family_and_Marriage,60
Family_and_Marriage,61
Family_and_Marriage,62
Family_and_Marriage,63
Family_and_Marriage,64
Family_and_Marriage,65
Family_and_Marriage,66
Family_and_Marriage,67
Family_and_Marriage,68
Family_and_Marriage,69
Family_and_Marriage,70
Family_and_Marriage,71
Family_and_Marriage,72
Family_and_Marriage,73
Family_and_Marriage,74
Family_and_Marriage,75
Family_and_Marriage,76
Family_and_Marriage,77
Family_and_Marriage,78
Family_and_Marriage,79
Family_and_Marriage,80
Family_and_Marriage,81
Family_and_Marriage,82
Family_and_Marriage,83
Family_and_Marriage,84
Family_and_Marriage,85
Family_and_Marriage,86
Family_and_Marriage,87
Family_and_Marriage,88
Family_and_Marriage,89
Family_and_Marriage,90
Family_and_Marriage,91
Family_and_Marriage,92
Family_and_Marriage,93
Family_and_Marriage,94
Family_and_Marriage,95
Family_and_Marriage,96
Family_and_Marriage,97
Family_and_Marriage,98
Family_and_Marriage,99
Family_and_Marriage,100
Family_and_Marriage,101
Family_and_Marriage,102
Family_and_Marriage,103
Family_and_Marriage,104
Family_and_Marriage,105
Family_and_Marriage,106
Family_and_Marriage,107
Family_and_Marriage,108
Family_and_Marriage,109
Family_and_Marriage,110
Family_and_Marriage,111
Family_and_Marriage,112
Family_and_Marriage,113
Family_and_Marriage,114
Family_and_Marriage,115
Family_and_Marriage,116
Family_and_Marriage,117
Family_and_Marriage,118
Family_and_Marriage,119
Family_and_Marriage,120
Family_and_Marriage,121
Family_and_Marriage,122
Family_and_Marriage,123
Family_and_Marriage,124
Family_and_Marriage,125
Family_and_Marriage,126
Family_and_Marriage,127
Family_and_Marriage,128
Family_and_Marriage,129
Family_and_Marriage,130
Family_and_Marriage,131
Family_and_Marriage,132
Family_and_Marriage,133
Family_and_Marriage,134
Family_and_Marriage,135
Family_and_Marriage,136
Family_and_Marriage,137
Family_and_Marriage,138
Family_and_Marriage,139
Family_and_Marriage,140
Family_and_Marriage,141
Family_and_Marriage,142
Family_and_Marriage,143
Family_and_Marriage,144
Family_and_Marriage,145
Family_and_Marriage,146
Family_and_Marriage,147
Family_and_Marriage,148
Family_and_Marriage,149
Family_and_Marriage,150
Family_and_Marriage,151
Family_and_Marriage,152
Family_and_Marriage,153
Family_and_Marriage,154
Family_and_Marriage,155
Family_and_Marriage,156
Family_and_Marriage,157
Family_and_Marriage,158
Family_and_Marriage,159
Family_and_Marriage,160
Family_and_Marriage,161
Family_and_Marriage,162
Family_and_Marriage,163
Family_and_Marriage,164
Family_and_Marriage,165
Family_and_Marriage,166
Family_and_Marriage,167
Family_and_Marriage,168
Family_and_Marriage,169
Family_and_Marriage,170
Family_and_Marriage,171
Family_and_Marriage,172
Family_and_Marriage,173
Family_and_Marriage,174
Family_and_Marriage,175
Family_and_Marriage,176
Family_and_Marriage,177
Family_and_Marriage,178
Family_and_Marriage,179
Family_and_Marriage,180
Family_and_Marriage,181
Family_and_Marriage,182
Family_and_Marriage,183
Family_and_Marriage,184
Family_and_Marriage,185
Family_and_Marriage,186
Family_and_Marriage,187
Family_and_Marriage,188
Family_and_Marriage,189
Family_and_Marriage,190
Family_and_Marriage,191
Family_and_Marriage,192
Family_and_Marriage,193
Family_and_Marriage,194
Family_and_Marriage,195
Family_and_Marriage,196
Family_and_Marriage,197
Family_and_Marriage,198
Family_and_Marriage,199
Family_and_Marriage,200
Family_and_Marriage,201
Family_and_Marriage,202
Family_and_Marriage,203
Family_and_Marriage,204
Family_and_Marriage,205
Family_and_Marriage,206
Family_and_Marriage,207
Family_and_Marriage,208
Family_and_Marriage,209
Family_and_Marriage,210
Family_and_Marriage,211
Family_and_Marriage,212
Family_and_Marriage,213
Family_and_Marriage,214
Family_and_Marriage,215
Family_and_Marriage,216
Family_and_Marriage,217
Family_and_Marriage,218
Family_and_Marriage,219
Family_and_Marriage,220
Family_and_Marriage,221
Family_and_Marriage,222
Family_and_Marriage,223
Family_and_Marriage,224
Family_and_Marriage,225
Family_and_Marriage,226
Family_and_Marriage,227
Family_and_Marriage,228
Family_and_Marriage,229
Family_and_Marriage,230
Family_and_Marriage,231
Family_and_Marriage,232
Family_and_Marriage,233
Family_and_Marriage,234
Family_and_Marriage,235
Family_and_Marriage,236
Family_and_Marriage,237
Family_and_Marriage,238
Family_and_Marriage,239
Family_and_Marriage,240
Family_and_Marriage,241
Family_and_Marriage,242
Family_and_Marriage,243
Family_and_Marriage,244
Family_and_Marriage,245
Family_and_Marriage,246
Family_and_Marriage,247
Family_and_Marriage,248
Family_and_Marriage,249
Family_and_Marriage,250
Family_and_Marriage,251
Family_and_Marriage,252
Family_and_Marriage,253
Family_and_Marriage,254
Family_and_Marriage,255
Family_and_Marriage,256
Family_and_Marriage,257
Family_and_Marriage,258
Family_and_Marriage,259
Family_and_Marriage,260
Family_and_Marriage,261
Family_and_Marriage,262
Family_and_Marriage,263
Family_and_Marriage,264
Family_and_Marriage,265
Family_and_Marriage,266
Family_and_Marriage,267
Family_and_Marriage,268
Family_and_Marriage,269
Family_and_Marriage,270
Family_and_Marriage,271
Family_and_Marriage,272
Family_and_Marriage,273
Family_and_Marriage,274
Family_and_Marriage,275
Family_and_Marriage,276
Family_and_Marriage,277
Family_and_Marriage,278
Family_and_Marriage,279
Family_and_Marriage,280
Family_and_Marriage,281
Family_and_Marriage,282
Family_and_Marriage,283
Family_and_Marriage,284
Family_and_Marriage,285
Family_and_Marriage,286
Family_and_Marriage,287
Family_and_Marriage,288
Family_and_Marriage,289
Family_and_Marriage,290
Family_and_Marriage,291
Family_and_Marriage,292
Family_and_Marriage,293
Family_and_Marriage,294
Education_and_Culture_topics,0
Education_and_Culture_topics,1
Education_and_Culture_topics,2
Education_and_Culture_topics,3
Education_and_Culture_topics,4
Education_and_Culture_topics,5
Education_and_Culture_topics,6
Education_and_Culture_topics,7
Education_and_Culture_topics,8
Education_and_Culture_topics,10
Education_and_Culture_topics,11
Education_and_Culture_topics,12
Education_and_Culture_topics,13
Education_and_Culture_topics,14
Education_and_Culture_topics,15
Education_and_Culture_topics,16
Education_and_Culture_topics,17
Education_and_Culture_topics,19
Education_and_Culture_topics,20
Education_and_Culture_topics,22
Education_and_Culture_topics,24
Education_and_Culture_topics,25
Education_and_Culture_topics,26
Education_and_Culture_topics,27
Education_and_Culture_topics,28
Education_and_Culture_topics,29
Education_and_Culture_topics,30
Education_and_Culture_topics,31
Education_and_Culture_topics,34
Education_and_Culture_topics,35
Education_and_Culture_topics,36
Education_and_Culture_topics,37
Education_and_Culture_topics,38
Education_and_Culture_topics,39
Education_and_Culture_topics,40
Education_and_Culture_topics,41
Education_and_Culture_topics,42
Education_and_Culture_topics,44
Education_and_Culture_topics,45
Education_and_Culture_topics,46
Education_and_Culture_topics,47
Education_and_Culture_topics,48
Education_and_Culture_topics,49
Education_and_Culture_topics,50
Education_and_Culture_topics,51
Education_and_Culture_topics,52
Education_and_Culture_topics,53
Education_and_Culture_topics,54
Education_and_Culture_topics,55
Education_and_Culture_topics,56
Education_and_Culture_topics,57
Education_and_Culture_topics,58
Education_and_Culture_topics,59
Education_and_Culture_topics,60
Education_and_Culture_topics,61
Education_and_Culture_topics,62
Education_and_Culture_topics,63
Education_and_Culture_topics,65
Education_and_Culture_topics,66
Education_and_Culture_topics,67
Education_and_Culture_topics,68
Education_and_Culture_topics,69
Education_and_Culture_topics,70
Education_and_Culture_topics,71
Education_and_Culture_topics,72
Education_and_Culture_topics,73
Education_and_Culture_topics,74
Education_and_Culture_topics,75
Education_and_Culture_topics,76
Education_and_Culture_topics,78
Education_and_Culture_topics,79
Education_and_Culture_topics,80
Education_and_Culture_topics,82
Education_and_Culture_topics,83
Education_and_Culture_topics,84
Education_and_Culture_topics,85
Education_and_Culture_topics,86
Education_and_Culture_topics,87
Education_and_Culture_topics,88
Education_and_Culture_topics,89
Education_and_Culture_topics,90
Education_and_Culture_topics,91
Education_and_Culture_topics,92
Education_and_Culture_topics,93
Education_and_Culture_topics,94
Education_and_Culture_topics,95
Education_and_Culture_topics,96
Education_and_Culture_topics,98
Education_and_Culture_topics,99
Education_and_Culture_topics,100
Education_and_Culture_topics,101
Education_and_Culture_topics,102
Education_and_Culture_topics,103
Education_and_Culture_topics,104
Education_and_Culture_topics,105
Education_and_Culture_topics,106
Education_and_Culture_topics,107
Education_and_Culture_topics,108
Education_and_Culture_topics,109
Education_and_Culture_topics,110
Education_and_Culture_topics,111
Education_and_Culture_topics,112
Education_and_Culture_topics,113
Education_and_Culture_topics,114
Education_and_Culture_topics,116
Education_and_Culture_topics,117
Education_and_Culture_topics,118
Education_and_Culture_topics,119
Education_and_Culture_topics,120
Education_and_Culture_topics,121
Education_and_Culture_topics,122
Education_and_Culture_topics,123
Education_and_Culture_topics,124
Education_and_Culture_topics,125
Education_and_Culture_topics,126
Education_and_Culture_topics,127
Education_and_Culture_topics,128
Education_and_Culture_topics,129
Education_and_Culture_topics,130
Education_and_Culture_topics,131
Education_and_Culture_topics,132
Education_and_Culture_topics,133
Education_and_Culture_topics,134
Education_and_Culture_topics,135
Education_and_Culture_topics,136
Education_and_Culture_topics,137
Education_and_Culture_topics,138
Education_and_Culture_topics,139
Education_and_Culture_topics,140
Education_and_Culture_topics,142
Education_and_Culture_topics,143
Education_and_Culture_topics,145
Education_and_Culture_topics,146
Education_and_Culture_topics,147
Education_and_Culture_topics,148
Education_and_Culture_topics,149
Education_and_Culture_topics,151
Education_and_Culture_topics,152
Education_and_Culture_topics,153
Education_and_Culture_topics,154
Education_and_Culture_topics,155
Education_and_Culture_topics,157
Education_and_Culture_topics,158
Education_and_Culture_topics,159
Education_and_Culture_topics,160
Education_and_Culture_topics,161
Education_and_Culture_topics,162
Education_and_Culture_topics,163
Education_and_Culture_topics,164
Education_and_Culture_topics,165
Education_and_Culture_topics,166
Education_and_Culture_topics,167
Education_and_Culture_topics,168
Education_and_Culture_topics,169
Education_and_Culture_topics,170
Education_and_Culture_topics,171
Education_and_Culture_topics,172
Education_and_Culture_topics,173
Education_and_Culture_topics,174
Education_and_Culture_topics,175
Education_and_Culture_topics,178
Education_and_Culture_topics,179
Education_and_Culture_topics,181
Education_and_Culture_topics,182
Education_and_Culture_topics,183
Education_and_Culture_topics,184
Education_and_Culture_topics,185
Education_and_Culture_topics,186
Education_and_Culture_topics,187
Education_and_Culture_topics,188
Education_and_Culture_topics,189
Education_and_Culture_topics,190
Education_and_Culture_topics,191
Education_and_Culture_topics,192
Education_and_Culture_topics,194
Education_and_Culture_topics,195
Education_and_Culture_topics,196
Education_and_Culture_topics,197
Education_and_Culture_topics,198
Education_and_Culture_topics,199
Education_and_Culture_topics,200
Education_and_Culture_topics,201
Education_and_Culture_topics,203
Education_and_Culture_topics,205
Education_and_Culture_topics,206
Education_and_Culture_topics,207
Education_and_Culture_topics,208
Education_and_Culture_topics,209
Education_and_Culture_topics,210
Education_and_Culture_topics,211
Education_and_Culture_topics,212
Education_and_Culture_topics,213
Education_and_Culture_topics,214
Education_and_Culture_topics,215
Education_and_Culture_topics,216
Education_and_Culture_topics,217
Education_and_Culture_topics,218
Education_and_Culture_topics,219
Education_and_Culture_topics,220
Education_and_Culture_topics,222
Education_and_Culture_topics,223
Education_and_Culture_topics,224
Education_and_Culture_topics,225
Education_and_Culture_topics,226
Education_and_Culture_topics,228
Education_and_Culture_topics,229
Education_and_Culture_topics,230
Education_and_Culture_topics,231
Education_and_Culture_topics,232
Education_and_Culture_topics,233
Education_and_Culture_topics,234
Education_and_Culture_topics,235
Education_and_Culture_topics,236
Education_and_Culture_topics,237
Education_and_Culture_topics,240
Education_and_Culture_topics,241
Education_and_Culture_topics,242
Education_and_Culture_topics,243
Education_and_Culture_topics,244
Education_and_Culture_topics,245
Education_and_Culture_topics,246
Education_and_Culture_topics,247
Education_and_Culture_topics,248
Education_and_Culture_topics,249
Education_and_Culture_topics,250
Education_and_Culture_topics,251
Education_and_Culture_topics,252
Education_and_Culture_topics,253
Education_and_Culture_topics,255
Education_and_Culture_topics,256
Education_and_Culture_topics,257
Education_and_Culture_topics,258
Education_and_Culture_topics,259
Education_and_Culture_topics,260
Education_and_Culture_topics,261
Education_and_Culture_topics,262
Education_and_Culture_topics,264
Education_and_Culture_topics,265
Education_and_Culture_topics,267
Education_and_Culture_topics,269
Education_and_Culture_topics,270
Education_and_Culture_topics,271
Education_and_Culture_topics,272
Education_and_Culture_topics,273
Education_and_Culture_topics,274
Education_and_Culture_topics,275
Education_and_Culture_topics,276
Education_and_Culture_topics,277
Education_and_Culture_topics,278
Education_and_Culture_topics,279
Education_and_Culture_topics,280
Education_and_Culture_topics,281
Education_and_Culture_topics,282
Education_and_Culture_topics,283
Education_and_Culture_topics,284
Education_and_Culture_topics,285
Education_and_Culture_topics,286
Education_and_Culture_topics,287
Education_and_Culture_topics,288
Education_and_Culture_topics,289
Education_and_Culture_topics,290
Education_and_Culture_topics,291
Education_and_Culture_topics,292
Education_and_Culture_topics,293
Education_and_Culture_topics,294
Daily_Life_and_Consumption,0
Daily_Life_and_Consumption,1
Daily_Life_and_Consumption,2
Daily_Life_and_Consumption,3
Daily_Life_and_Consumption,4
Daily_Life_and_Consumption,5
Daily_Life_and_Consumption,6
Daily_Life_and_Consumption,7
Daily_Life_and_Consumption,8
Daily_Life_and_Consumption,9
Daily_Life_and_Consumption,11
Daily_Life_and_Consumption,12
Daily_Life_and_Consumption,13
Daily_Life_and_Consumption,14
Daily_Life_and_Consumption,15
Daily_Life_and_Consumption,16
Daily_Life_and_Consumption,17
Daily_Life_and_Consumption,18
Daily_Life_and_Consumption,19
Daily_Life_and_Consumption,20
Daily_Life_and_Consumption,21
Daily_Life_and_Consumption,23
Daily_Life_and_Consumption,24
Daily_Life_and_Consumption,25
Daily_Life_and_Consumption,26
Daily_Life_and_Consumption,28
Daily_Life_and_Consumption,29
Daily_Life_and_Consumption,30
Daily_Life_and_Consumption,31
Daily_Life_and_Consumption,32
Daily_Life_and_Consumption,33
Daily_Life_and_Consumption,36
Daily_Life_and_Consumption,37
Daily_Life_and_Consumption,39
Daily_Life_and_Consumption,41
Daily_Life_and_Consumption,43
Daily_Life_and_Consumption,45
Daily_Life_and_Consumption,47
Daily_Life_and_Consumption,50
Daily_Life_and_Consumption,51
Daily_Life_and_Consumption,52
Daily_Life_and_Consumption,53
Daily_Life_and_Consumption,54
Daily_Life_and_Consumption,55
Daily_Life_and_Consumption,56
Daily_Life_and_Consumption,57
Daily_Life_and_Consumption,58
Daily_Life_and_Consumption,59
Daily_Life_and_Consumption,60
Daily_Life_and_Consumption,61
Daily_Life_and_Consumption,62
Daily_Life_and_Consumption,64
Daily_Life_and_Consumption,65
Daily_Life_and_Consumption,66
Daily_Life_and_Consumption,67
Daily_Life_and_Consumption,68
Daily_Life_and_Consumption,69
Daily_Life_and_Consumption,70
Daily_Life_and_Consumption,71
Daily_Life_and_Consumption,72
Daily_Life_and_Consumption,73
Daily_Life_and_Consumption,74
Daily_Life_and_Consumption,75
Daily_Life_and_Consumption,76
Daily_Life_and_Consumption,77
Daily_Life_and_Consumption,79
Daily_Life_and_Consumption,81
Daily_Life_and_Consumption,82
Daily_Life_and_Consumption,83
Daily_Life_and_Consumption,84
Daily_Life_and_Consumption,85
Daily_Life_and_Consumption,87
Daily_Life_and_Consumption,88
Daily_Life_and_Consumption,89
Daily_Life_and_Consumption,91
Daily_Life_and_Consumption,92
Daily_Life_and_Consumption,93
Daily_Life_and_Consumption,94
Daily_Life_and_Consumption,95
Daily_Life_and_Consumption,96
Daily_Life_and_Consumption,97
Daily_Life_and_Consumption,98
Daily_Life_and_Consumption,99
Daily_Life_and_Consumption,102
Daily_Life_and_Consumption,103
Daily_Life_and_Consumption,104
Daily_Life_and_Consumption,105
Daily_Life_and_Consumption,106
Daily_Life_and_Consumption,109
Daily_Life_and_Consumption,110
Daily_Life_and_Consumption,111
Daily_Life_and_Consumption,112
Daily_Life_and_Consumption,113
Daily_Life_and_Consumption,114
Daily_Life_and_Consumption,115
Daily_Life_and_Consumption,118
Daily_Life_and_Consumption,120
Daily_Life_and_Consumption,123
Daily_Life_and_Consumption,124
Daily_Life_and_Consumption,125
Daily_Life_and_Consumption,126
Daily_Life_and_Consumption,127
Daily_Life_and_Consumption,130
Daily_Life_and_Consumption,131
Daily_Life_and_Consumption,132
Daily_Life_and_Consumption,133
Daily_Life_and_Consumption,134
Daily_Life_and_Consumption,135
Daily_Life_and_Consumption,138
Daily_Life_and_Consumption,139
Daily_Life_and_Consumption,140
Daily_Life_and_Consumption,141
Daily_Life_and_Consumption,142
Daily_Life_and_Consumption,144
Daily_Life_and_Consumption,145
Daily_Life_and_Consumption,147
Daily_Life_and_Consumption,148
Daily_Life_and_Consumption,149
Daily_Life_and_Consumption,150
Daily_Life_and_Consumption,151
Daily_Life_and_Consumption,152
Daily_Life_and_Consumption,153
Daily_Life_and_Consumption,154
Daily_Life_and_Consumption,155
Daily_Life_and_Consumption,156
Daily_Life_and_Consumption,157
Daily_Life_and_Consumption,158
Daily_Life_and_Consumption,159
Daily_Life_and_Consumption,160
Daily_Life_and_Consumption,161
Daily_Life_and_Consumption,162
Daily_Life_and_Consumption,165
Daily_Life_and_Consumption,166
Daily_Life_and_Consumption,167
Daily_Life_and_Consumption,169
Daily_Life_and_Consumption,172
Daily_Life_and_Consumption,173
Daily_Life_and_Consumption,175
Daily_Life_and_Consumption,176
Daily_Life_and_Consumption,177
Daily_Life_and_Consumption,178
Daily_Life_and_Consumption,180
Daily_Life_and_Consumption,181
Daily_Life_and_Consumption,182
Daily_Life_and_Consumption,183
Daily_Life_and_Consumption,184
Daily_Life_and_Consumption,185
Daily_Life_and_Consumption,187
Daily_Life_and_Consumption,188
Daily_Life_and_Consumption,191
Daily_Life_and_Consumption,192
Daily_Life_and_Consumption,193
Daily_Life_and_Consumption,194
Daily_Life_and_Consumption,195
Daily_Life_and_Consumption,196
Daily_Life_and_Consumption,197
Daily_Life_and_Consumption,198
Daily_Life_and_Consumption,200
Daily_Life_and_Consumption,201
Daily_Life_and_Consumption,202
Daily_Life_and_Consumption,203
Daily_Life_and_Consumption,204
Daily_Life_and_Consumption,206
Daily_Life_and_Consumption,207
Daily_Life_and_Consumption,209
Daily_Life_and_Consumption,210
Daily_Life_and_Consumption,211
Daily_Life_and_Consumption,212
Daily_Life_and_Consumption,213
Daily_Life_and_Consumption,217
Daily_Life_and_Consumption,218
Daily_Life_and_Consumption,219
Daily_Life_and_Consumption,221
Daily_Life_and_Consumption,222
Daily_Life_and_Consumption,223
Daily_Life_and_Consumption,225
Daily_Life_and_Consumption,227
Daily_Life_and_Consumption,229
Daily_Life_and_Consumption,230
Daily_Life_and_Consumption,231
Daily_Life_and_Consumption,233
Daily_Life_and_Consumption,234
Daily_Life_and_Consumption,235
Daily_Life_and_Consumption,236
Daily_Life_and_Consumption,238
Daily_Life_and_Consumption,239
Daily_Life_and_Consumption,240
Daily_Life_and_Consumption,241
Daily_Life_and_Consumption,242
Daily_Life_and_Consumption,243
Daily_Life_and_Consumption,245
Daily_Life_and_Consumption,246
Daily_Life_and_Consumption,247
Daily_Life_and_Consumption,249
Daily_Life_and_Consumption,250
Daily_Life_and_Consumption,253
Daily_Life_and_Consumption,254
Daily_Life_and_Consumption,255
Daily_Life_and_Consumption,256
Daily_Life_and_Consumption,257
Daily_Life_and_Consumption,258
Daily_Life_and_Consumption,260
Daily_Life_and_Consumption,262
Daily_Life_and_Consumption,263
Daily_Life_and_Consumption,265
Daily_Life_and_Consumption,266
Daily_Life_and_Consumption,268
Daily_Life_and_Consumption,269
Daily_Life_and_Consumption,270
Daily_Life_and_Consumption,271
Daily_Life_and_Consumption,272
Daily_Life_and_Consumption,274
Daily_Life_and_Consumption,275
Daily_Life_and_Consumption,278
Daily_Life_and_Consumption,279
Daily_Life_and_Consumption,280
Daily_Life_and_Consumption,283
Daily_Life_and_Consumption,284
Daily_Life_and_Consumption,285
Daily_Life_and_Consumption,286
Daily_Life_and_Consumption,287
Daily_Life_and_Consumption,288
Daily_Life_and_Consumption,289
Daily_Life_and_Consumption,290
Daily_Life_and_Consumption,291
Daily_Life_and_Consumption,292
Daily_Life_and_Consumption,293
Daily_Life_and_Consumption,294
Health_and_Medicine,0
Health_and_Medicine,1
Health_and_Medicine,2
Health_and_Medicine,3
Health_and_Medicine,4
Health_and_Medicine,5
Health_and_Medicine,6
Health_and_Medicine,7
Health_and_Medicine,10
Health_and_Medicine,11
Health_and_Medicine,12
Health_and_Medicine,13
Health_and_Medicine,14
Health_and_Medicine,15
Health_and_Medicine,16
Health_and_Medicine,17
Health_and_Medicine,19
Health_and_Medicine,20
Health_and_Medicine,22
Health_and_Medicine,24
Health_and_Medicine,27
Health_and_Medicine,29
Health_and_Medicine,31
Health_and_Medicine,34
Health_and_Medicine,36
Health_and_Medicine,37
Health_and_Medicine,39
Health_and_Medicine,41
Health_and_Medicine,42
Health_and_Medicine,45
Health_and_Medicine,48
Health_and_Medicine,52
Health_and_Medicine,53
Health_and_Medicine,54
Health_and_Medicine,56
Health_and_Medicine,58
Health_and_Medicine,59
Health_and_Medicine,60
Health_and_Medicine,61
Health_and_Medicine,62
Health_and_Medicine,65
Health_and_Medicine,66
Health_and_Medicine,67
Health_and_Medicine,72
Health_and_Medicine,73
Health_and_Medicine,74
Health_and_Medicine,78
Health_and_Medicine,79
Health_and_Medicine,80
Health_and_Medicine,82
Health_and_Medicine,83
Health_and_Medicine,84
Health_and_Medicine,85
Health_and_Medicine,87
Health_and_Medicine,88
Health_and_Medicine,89
Health_and_Medicine,93
Health_and_Medicine,94
Health_and_Medicine,98
Health_and_Medicine,99
Health_and_Medicine,103
Health_and_Medicine,104
Health_and_Medicine,108
Health_and_Medicine,109
Health_and_Medicine,110
Health_and_Medicine,111
Health_and_Medicine,112
Health_and_Medicine,113
Health_and_Medicine,114
Health_and_Medicine,116
Health_and_Medicine,117
Health_and_Medicine,118
Health_and_Medicine,119
Health_and_Medicine,122
Health_and_Medicine,123
Health_and_Medicine,124
Health_and_Medicine,125
Health_and_Medicine,127
Health_and_Medicine,129
Health_and_Medicine,130
Health_and_Medicine,131
Health_and_Medicine,132
Health_and_Medicine,133
Health_and_Medicine,134
Health_and_Medicine,135
Health_and_Medicine,138
Health_and_Medicine,143
Health_and_Medicine,145
Health_and_Medicine,148
Health_and_Medicine,149
Health_and_Medicine,151
Health_and_Medicine,152
Health_and_Medicine,153
Health_and_Medicine,154
Health_and_Medicine,155
Health_and_Medicine,157
Health_and_Medicine,158
Health_and_Medicine,159
Health_and_Medicine,160
Health_and_Medicine,161
Health_and_Medicine,162
Health_and_Medicine,164
Health_and_Medicine,166
Health_and_Medicine,167
Health_and_Medicine,168
Health_and_Medicine,169
Health_and_Medicine,170
Health_and_Medicine,173
Health_and_Medicine,178
Health_and_Medicine,181
Health_and_Medicine,183
Health_and_Medicine,184
Health_and_Medicine,185
Health_and_Medicine,186
Health_and_Medicine,187
Health_and_Medicine,190
Health_and_Medicine,192
Health_and_Medicine,194
Health_and_Medicine,196
Health_and_Medicine,197
Health_and_Medicine,198
Health_and_Medicine,200
Health_and_Medicine,201
Health_and_Medicine,203
Health_and_Medicine,205
Health_and_Medicine,206
Health_and_Medicine,207
Health_and_Medicine,210
Health_and_Medicine,211
Health_and_Medicine,212
Health_and_Medicine,213
Health_and_Medicine,214
Health_and_Medicine,216
Health_and_Medicine,217
Health_and_Medicine,219
Health_and_Medicine,220
Health_and_Medicine,223
Health_and_Medicine,225
Health_and_Medicine,226
Health_and_Medicine,229
Health_and_Medicine,230
Health_and_Medicine,231
Health_and_Medicine,232
Health_and_Medicine,236
Health_and_Medicine,240
Health_and_Medicine,241
Health_and_Medicine,243
Health_and_Medicine,245
Health_and_Medicine,246
Health_and_Medicine,247
Health_and_Medicine,249
Health_and_Medicine,250
Health_and_Medicine,251
Health_and_Medicine,253
Health_and_Medicine,255
Health_and_Medicine,257
Health_and_Medicine,258
Health_and_Medicine,259
Health_and_Medicine,261
Health_and_Medicine,262
Health_and_Medicine,264
Health_and_Medicine,267
Health_and_Medicine,269
Health_and_Medicine,270
Health_and_Medicine,271
Health_and_Medicine,272
Health_and_Medicine,274
Health_and_Medicine,275
Health_and_Medicine,277
Health_and_Medicine,279
Health_and_Medicine,280
Health_and_Medicine,281
Health_and_Medicine,283
Health_and_Medicine,284
Health_and_Medicine,285
Health_and_Medicine,286
Health_and_Medicine,287
Health_and_Medicine,290
Health_and_Medicine,291
Health_and_Medicine,294
Economy_and_Social_Status,0
Economy_and_Social_Status,1
Economy_and_Social_Status,2
Economy_and_Social_Status,3
Economy_and_Social_Status,4
Economy_and_Social_Status,5
Economy_and_Social_Status,6
Economy_and_Social_Status,7
Economy_and_Social_Status,8
Economy_and_Social_Status,9
Economy_and_Social_Status,10
Economy_and_Social_Status,11
Economy_and_Social_Status,12
Economy_and_Social_Status,13
Economy_and_Social_Status,14
Economy_and_Social_Status,15
Economy_and_Social_Status,16
Economy_and_Social_Status,17
Economy_and_Social_Status,18
Economy_and_Social_Status,19
Economy_and_Social_Status,20
Economy_and_Social_Status,21
Economy_and_Social_Status,22
Economy_and_Social_Status,23
Economy_and_Social_Status,24
Economy_and_Social_Status,25
Economy_and_Social_Status,26
Economy_and_Social_Status,27
Economy_and_Social_Status,28
Economy_and_Social_Status,29
Economy_and_Social_Status,30
Economy_and_Social_Status,31
Economy_and_Social_Status,32
Economy_and_Social_Status,33
Economy_and_Social_Status,34
Economy_and_Social_Status,36
Economy_and_Social_Status,37
Economy_and_Social_Status,39
Economy_and_Social_Status,41
Economy_and_Social_Status,42
Economy_and_Social_Status,43
Economy_and_Social_Status,45
Economy_and_Social_Status,47
Economy_and_Social_Status,48
Economy_and_Social_Status,50
Economy_and_Social_Status,51
Economy_and_Social_Status,52
Economy_and_Social_Status,53
Economy_and_Social_Status,54
Economy_and_Social_Status,55
Economy_and_Social_Status,56
Economy_and_Social_Status,57
Economy_and_Social_Status,58
Economy_and_Social_Status,59
Economy_and_Social_Status,60
Economy_and_Social_Status,61
Economy_and_Social_Status,62
Economy_and_Social_Status,64
Economy_and_Social_Status,65
Economy_and_Social_Status,66
Economy_and_Social_Status,67
Economy_and_Social_Status,68
Economy_and_Social_Status,69
Economy_and_Social_Status,70
Economy_and_Social_Status,71
Economy_and_Social_Status,72
Economy_and_Social_Status,73
Economy_and_Social_Status,74
Economy_and_Social_Status,75
Economy_and_Social_Status,76
Economy_and_Social_Status,77
Economy_and_Social_Status,78
Economy_and_Social_Status,79
Economy_and_Social_Status,80
Economy_and_Social_Status,81
Economy_and_Social_Status,82
Economy_and_Social_Status,83
Economy_and_Social_Status,84
Economy_and_Social_Status,85
Economy_and_Social_Status,87
Economy_and_Social_Status,88
Economy_and_Social_Status,89
Economy_and_Social_Status,91
Economy_and_Social_Status,92
Economy_and_Social_Status,93
Economy_and_Social_Status,94
Economy_and_Social_Status,95
Economy_and_Social_Status,96
Economy_and_Social_Status,97
Economy_and_Social_Status,98
Economy_and_Social_Status,99
Economy_and_Social_Status,102
Economy_and_Social_Status,103
Economy_and_Social_Status,104
Economy_and_Social_Status,105
Economy_and_Social_Status,106
Economy_and_Social_Status,108
Economy_and_Social_Status,109
Economy_and_Social_Status,110
Economy_and_Social_Status,111
Economy_and_Social_Status,112
Economy_and_Social_Status,113
Economy_and_Social_Status,114
Economy_and_Social_Status,115
Economy_and_Social_Status,116
Economy_and_Social_Status,117
Economy_and_Social_Status,118
Economy_and_Social_Status,119
Economy_and_Social_Status,120
Economy_and_Social_Status,122
Economy_and_Social_Status,123
Economy_and_Social_Status,124
Economy_and_Social_Status,125
Economy_and_Social_Status,126
Economy_and_Social_Status,127
Economy_and_Social_Status,129
Economy_and_Social_Status,130
Economy_and_Social_Status,131
Economy_and_Social_Status,132
Economy_and_Social_Status,133
Economy_and_Social_Status,134
Economy_and_Social_Status,135
Economy_and_Social_Status,138
Economy_and_Social_Status,139
Economy_and_Social_Status,140
Economy_and_Social_Status,141
Economy_and_Social_Status,142
Economy_and_Social_Status,143
Economy_and_Social_Status,144
Economy_and_Social_Status,145
Economy_and_Social_Status,147
Economy_and_Social_Status,148
Economy_and_Social_Status,149
Economy_and_Social_Status,150
Economy_and_Social_Status,151
Economy_and_Social_Status,152
Economy_and_Social_Status,153
Economy_and_Social_Status,154
Economy_and_Social_Status,155
Economy_and_Social_Status,156
Economy_and_Social_Status,157
Economy_and_Social_Status,158
Economy_and_Social_Status,159
Economy_and_Social_Status,160
Economy_and_Social_Status,161
Economy_and_Social_Status,162
Economy_and_Social_Status,164
Economy_and_Social_Status,165
Economy_and_Social_Status,166
Economy_and_Social_Status,167
Economy_and_Social_Status,168
Economy_and_Social_Status,169
Economy_and_Social_Status,170
Economy_and_Social_Status,172
Economy_and_Social_Status,173
Economy_and_Social_Status,175
Economy_and_Social_Status,176
Economy_and_Social_Status,177
Economy_and_Social_Status,178
Economy_and_Social_Status,180
Economy_and_Social_Status,181
Economy_and_Social_Status,182
Economy_and_Social_Status,183
Economy_and_Social_Status,184
Economy_and_Social_Status,185
Economy_and_Social_Status,186
Economy_and_Social_Status,187
Economy_and_Social_Status,188
Economy_and_Social_Status,190
Economy_and_Social_Status,191
Economy_and_Social_Status,192
Economy_and_Social_Status,193
Economy_and_Social_Status,194
Economy_and_Social_Status,195
Economy_and_Social_Status,196
Economy_and_Social_Status,197
Economy_and_Social_Status,198
Economy_and_Social_Status,200
Economy_and_Social_Status,201
Economy_and_Social_Status,202
Economy_and_Social_Status,203
Economy_and_Social_Status,204
Economy_and_Social_Status,205
Economy_and_Social_Status,206
Economy_and_Social_Status,207
Economy_and_Social_Status,209
Economy_and_Social_Status,210
Economy_and_Social_Status,211
Economy_and_Social_Status,212
Economy_and_Social_Status,213
Economy_and_Social_Status,214
Economy_and_Social_Status,216
Economy_and_Social_Status,217
Economy_and_Social_Status,218
Economy_and_Social_Status,219
Economy_and_Social_Status,220
Economy_and_Social_Status,221
Economy_and_Social_Status,222
Economy_and_Social_Status,223
Economy_and_Social_Status,225
Economy_and_Social_Status,226
Economy_and_Social_Status,227
Economy_and_Social_Status,229
Economy_and_Social_Status,230
Economy_and_Social_Status,231
Economy_and_Social_Status,232
Economy_and_Social_Status,233
Economy_and_Social_Status,234
Economy_and_Social_Status,235
Economy_and_Social_Status,236
Economy_and_Social_Status,238
Economy_and_Social_Status,239
Economy_and_Social_Status,240
Economy_and_Social_Status,241
Economy_and_Social_Status,242
Economy_and_Social_Status,243
Economy_and_Social_Status,245
Economy_and_Social_Status,246
Economy_and_Social_Status,247
Economy_and_Social_Status,249
Economy_and_Social_Status,250
Economy_and_Social_Status,251
Economy_and_Social_Status,253
Economy_and_Social_Status,254
Economy_and_Social_Status,255
Economy_and_Social_Status,256
Economy_and_Social_Status,257
Economy_and_Social_Status,258
Economy_and_Social_Status,259
Economy_and_Social_Status,260
Economy_and_Social_Status,261
Economy_and_Social_Status,262
Economy_and_Social_Status,263
Economy_and_Social_Status,264
Economy_and_Social_Status,265
Economy_and_Social_Status,266
Economy_and_Social_Status,267
Economy_and_Social_Status,268
Economy_and_Social_Status,269
Economy_and_Social_Status,270
Economy_and_Social_Status,271
Economy_and_Social_Status,272
Economy_and_Social_Status,274
Economy_and_Social_Status,275
Economy_and_Social_Status,277
Economy_and_Social_Status,278
Economy_and_Social_Status,279
Economy_and_Social_Status,280
Economy_and_Social_Status,281
Economy_and_Social_Status,283
Economy_and_Social_Status,284
Economy_and_Social_Status,285
Economy_and_Social_Status,286
Economy_and_Social_Status,287
Economy_and_Social_Status,288
Economy_and_Social_Status,289
Economy_and_Social_Status,290
Economy_and_Social_Status,291
Economy_and_Social_Status,292
Economy_and_Social_Status,293
Economy_and_Social_Status,294
